;__main;"67F64";"766FC";//67F64, 766FC
;__sn_cpp_structors;"71028";"76764";//71028, 76764
;__SN_ENTRY_POINT;"67EA4";"7663C";//67EA4, 7663C
;_96_remove;"6C6E8";"6AA7C";//6C6E8, 6AA7C
;_addque;"670C4";"6C90C";//670C4, 6C90C
;_addque2;"670E8";"6C930";//670E8, 6C930
;_bu_init;"6F1D4";"6D9C8";//6F1D4, 6D9C8
;_card_clear;"72470";"6F4E0";//72470, 6F4E0
;_card_create2;"72B90";"700C0";//72B90, 700C0
;_card_format2;"727C0";"6FCF0";//727C0, 6FCF0
;_card_info;"72460";"6F4C0";//72460, 6F4C0
;_card_load;"724B0";"6F4D0";//724B0, 6F4D0
;_card_read;"73FC8";"70780";//73FC8, 70780
;_card_start;"71EA0";"6F6F0";//71EA0, 6F6F0
;_card_stop;"7207C";"6F8CC";//7207C, 6F8CC
;_card_write;"73FA8";"6F520";//73FA8, 6F520
;_chk_card_event;"723E8";"6FC38";//723E8, 6FC38
;_chk_card_event_x;"72424";"6FC74";//72424, 6FC74
;_clr;"66908";"6C150";//66908, 6C150
;_clr_card_event;"72130";"6F980";//72130, 6F980
;_copy_memcard_patch;"73E08";"6DCE0";//73E08, 6DCE0
;_ctl;"66FC4";"6C80C";//66FC4, 6C80C
;_cwb;"67000";"6C848";//67000, 6C848
;_cwc;"67048";"6C890";//67048, 6C890
;_DelDrawSprite;"8E1B8";"901FC";//8E1B8, 901FC
;_dirFailAuto;"6EEE0";"74648";//6EEE0, 74648
;_draw_gbackground2;"8E154";"90198";//8E154, 90198
;_drs;"66D5C";"6C5A4";//66D5C, 6C5A4
;_dws;"66B2C";"6C374";//66B2C, 6C374
;_exeque;"673C4";"6CC0C";//673C4, 6CC0C
;_get_card_event;"72238";"6FA88";//72238, 6FA88
;_get_card_event_x;"72310";"6FB60";//72310, 6FB60
;_getctl;"66FE8";"6C830";//66FE8, 6C830
;_new_card;"73F98";"6F530";//73F98, 6F530
;_otc;"66824";"6C06C";//66824, 6C06C
;_padChkRC2wait;"6DC2C";"75C44";//6DC2C, 75C44
;_padClrIntSio0;"6D1FC";"75214";//6D1FC, 75214
;_padCmdParaMode;"6DB64";"75B7C";//6DB64, 75B7C
;_padGetActSize;"6D5B8";"755D0";//6D5B8, 755D0
;_padInitDirPort;"6E5B0";"73D18";//6E5B0, 73D18
;_padInitSioMode;"6C938";"74950";//6C938, 74950
;_padIntPad;"6C7A8";"747C0";//6C7A8, 747C0
;_padIsVsync;"6C740";"74758";//6C740, 74758
;_padLoadActInfo;"6D5F0";"75608";//6D5F0, 75608
;_padRecvAtLoadInfo;"6D348";"75360";//6D348, 75360
;_padSendAtLoadInfo;"6D2C4";"752DC";//6D2C4, 752DC
;_padSetCmd;"6D2B4";"752CC";//6D2B4, 752CC
;_padSetRC2wait;"6DC0C";"75C24";//6DC0C, 75C24
;_padSioRW;"6CD5C";"74D74";//6CD5C, 74D74
;_padSioRW2;"6CF80";"74F98";//6CF80, 74F98
;_padWaitRXready;"6D28C";"752A4";//6D28C, 752A4
;_param;"67094";"6C8DC";//67094, 6C8DC
;_patch_card;"73D04";"6DBDC";//73D04, 6DBDC
;_patch_card_info;"73C28";"6DB00";//73C28, 6DB00
;_patch_card2;"73D98";"6DC70";//73D98, 6DC70
;_patch_gte;"6F01C";"6D3E4";//6F01C, 6D3E4
;_reset;"67684";"6CECC";//67684, 6CECC
;_SN_read;"73B90";"*";//73B90, *
;_SN_write;"73BA8";"*";//73BA8, *
;_spu_FiDMA;"6F5C8";"72AD8";//6F5C8, 72AD8
;_spu_FsetDelayR;"6FAAC";"72FBC";//6FAAC, 72FBC
;_spu_FsetDelayW;"6FA80";"72F90";//6FA80, 72F90
;_spu_FsetRXX;"6F990";"72EA0";//6F990, 72EA0
;_spu_FsetRXXa;"6F9DC";"72EEC";//6F9DC, 72EEC
;_spu_Fw;"6F908";"72E18";//6F908, 72E18
;_spu_Fw1ts;"6FAD8";"72FE8";//6FAD8, 72FE8
;_spu_FwriteByIO;"6F448";"72958";//6F448, 72958
;_spu_gcSPU;"71084";"70E64";//71084, 70E64
;_spu_init;"6F1E4";"726F4";//6F1E4, 726F4
;_spu_note2pitch;"747E4";"736E0";//747E4, 736E0
;_spu_setReverbAttr;"7352C";"71E7C";//7352C, 71E7C
;_spu_t;"6F680";"72B90";//6F680, 72B90
;_SpuDataCallback;"734F8";"70CBC";//734F8, 70CBC
;_SpuInit;"71384";"70B60";//71384, 70B60
;_SpuIsInAllocateArea;"73450";"71A3C";//73450, 71A3C
;_SpuIsInAllocateArea_;"734D0";"71ABC";//734D0, 71ABC
;_SpuRSetVoiceAttr;"73FE8";"730D4";//73FE8, 730D4
;_SpuSetAnyVoice;"73250";"7236C";//73250, 7236C
;_status;"6680C";"6C054";//6680C, 6C054
;_sync;"677D0";"6D018";//677D0, 6D018
;_TestTriggers;"1E9FC";"1EC10";//1E9FC, 1EC10
;_version;"679DC";"6D224";//679DC, 6D224
;ActivateCamera;"39610";"39B10";//39610, 39B10
;ActivateKey;"39624";"39B24";//39624, 39B24
;Add2DPrim;"75C80";"77CC4";//75C80, 77CC4
;AddActiveItem;"41FEC";"42440";//41FEC, 42440
;AddDisplayPickup;"3B6F4";"3BB50";//3B6F4, 3BB50
;AddFire;"8B210";"8D254";//8B210, 8D254
;AddFootprint;"82C00";"84C44";//82C00, 84C44
;AddRoomFlipItems;"1FA0C";"1FC20";//1FA0C, 1FC20
;AIGuard;"24DF0";"24FFC";//24DF0, 24FFC
;AimWeapon;"4826C";"486D0";//4826C, 486D0
;AIPickupCollision;"2A03C";"2A264";//2A03C, 2A264
;AlertAllGuards;"24C7C";"24E88";//24C7C, 24E88
;AlertNearbyGuards;"24D20";"24F2C";//24D20, 24F2C
;AlignLaraPosition;"7BE60";"7DEA4";//7BE60, 7DEA4
;AlterFloorHeight;"1E3E4";"1E5F8";//1E3E4, 1E5F8
;AlterFOV;"77BD8";"79C1C";//77BD8, 79C1C
;andrea1_control;"2FB58";"2FED8";//2FB58, 2FED8
;andrea1_end;"2FC94";"30014";//2FC94, 30014
;andrea1_init;"2FB50";"2FED0";//2FB50, 2FED0
;andrea2_control;"2FCDC";"3005C";//2FCDC, 3005C
;andrea2_end;"2FFD4";"30354";//2FFD4, 30354
;andrea2_init;"2FCC0";"30040";//2FCC0, 30040
;andrea3_control;"30870";"30BF0";//30870, 30BF0
;andrea3_end;"30904";"30C84";//30904, 30C84
;andrea3_init;"30850";"30BD0";//30850, 30BD0
;andrea3b_control;"30B08";"30E88";//30B08, 30E88
;andrea3b_end;"30C54";"30FD4";//30C54, 30FD4
;andrea3b_init;"30A1C";"30D9C";//30A1C, 30D9C
;andrea4_control;"323C8";"32860";//323C8, 32860
;andrea4_end;"32464";"328FC";//32464, 328FC
;andrea4_init;"323C0";"32858";//323C0, 32858
;andy1_control;"2F39C";"2F6A8";//2F39C, 2F6A8
;andy1_end;"2F408";"2F74C";//2F408, 2F74C
;andy1_init;"2F37C";"2F688";//2F37C, 2F688
;andy10_control;"31E9C";"32334";//31E9C, 32334
;andy10_end;"3202C";"324C4";//3202C, 324C4
;andy10_init;"31D58";"321F0";//31D58, 321F0
;andy11_control;"32C70";"33108";//32C70, 33108
;andy11_end;"32D6C";"3326C";//32D6C, 3326C
;andy11_init;"32C20";"330B8";//32C20, 330B8
;andy2_control;"2F5D0";"2F914";//2F5D0, 2F914
;andy2_end;"2F668";"2F9E8";//2F668, 2F9E8
;andy2_init;"2F5B0";"2F8F4";//2F5B0, 2F8F4
;andy3_control;"301DC";"3055C";//301DC, 3055C
;andy3_end;"30208";"30588";//30208, 30588
;andy3_init;"3018C";"3050C";//3018C, 3050C
;andy4_control;"305BC";"3093C";//305BC, 3093C
;andy4_end;"306B4";"30A34";//306B4, 30A34
;andy4_init;"3059C";"3091C";//3059C, 3091C
;andy4b_control;"30710";"30A90";//30710, 30A90
;andy4b_end;"307EC";"30B6C";//307EC, 30B6C
;andy4b_init;"306F0";"30A70";//306F0, 30A70
;andy5_control;"30DA4";"31124";//30DA4, 31124
;andy5_end;"30F28";"312A8";//30F28, 312A8
;andy5_init;"30D84";"31104";//30D84, 31104
;andy6_control;"315F8";"319B4";//315F8, 319B4
;andy6_end;"31690";"31AC0";//31690, 31AC0
;andy6_init;"315D0";"3198C";//315D0, 3198C
;andy7_control;"31704";"31B34";//31704, 31B34
;andy7_end;"31754";"31B84";//31754, 31B84
;andy7_init;"316F4";"31B24";//316F4, 31B24
;andy8_control;"31C3C";"320D4";//31C3C, 320D4
;andy8_end;"31CF8";"32190";//31CF8, 32190
;andy8_init;"31C34";"320CC";//31C34, 320CC
;andy9_control;"31BA4";"31FD4";//31BA4, 31FD4
;andy9_end;"31C08";"320A0";//31C08, 320A0
;andy9_init;"31B7C";"31FAC";//31B7C, 31FAC
;andypew_control;"316B8";"31AE8";//316B8, 31AE8
;andypew_end;"316C0";"31AF0";//316C0, 31AF0
;andypew_init;"31698";"31AC8";//31698, 31AC8
;AnimateItem;"7CF04";"7EF48";//7CF04, 7EF48
;AnimateLara;"7D53C";"7F580";//7D53C, 7F580
;AnimatePistols;"44D78";"451DC";//44D78, 451DC
;AnimateShotgun;"43810";"43C74";//43810, 43C74
;AnimateWaterfalls;"4FABC";"4FF20";//4FABC, 4FF20
;AnimatingPickUp;"51450";"518B4";//51450, 518B4
;ApplyVelocityToRope;"178E4";"17A18";//178E4, 17A18
;ASM_GetBounds;"76A28";"78A6C";//76A28, 78A6C
;atoi;"689A0";"65FC0";//689A0, 65FC0
;BadFloor;"231CC";"233D8";//231CC, 233D8
;BinocularCamera;"28D4C";"28F60";//28D4C, 28F60
;BridgeFlatCeiling;"4EF58";"4F3BC";//4EF58, 4F3BC
;BridgeFlatFloor;"4EF1C";"4F380";//4EF1C, 4F380
;BridgeTilt1Ceiling;"4F038";"4F49C";//4F038, 4F49C
;BridgeTilt1Floor;"4EFCC";"4F430";//4EFCC, 4F430
;BridgeTilt2Ceiling;"4F0FC";"4F560";//4F0FC, 4F560
;BridgeTilt2Floor;"4F090";"4F4F4";//4F090, 4F4F4
;bzero;"68AB4";"660D4";//68AB4, 660D4
;calc_animating_item_clip_window;"80DD8";"82E1C";//80DD8, 82E1C
;CalcActorLighting;"91110";"93154";//91110, 93154
;CalcAllAnimatingItems_ASM;"82640";"84684";//82640, 84684
;CalcAnimatingItem_ASM;"81504";"83548";//81504, 83548
;CalcClipWindow_ONGTE;"8F374";"913B8";//8F374, 913B8
;CalcLaraMatrices;"2C1DC";"2C504";//2C1DC, 2C504
;CalculateCamera;"27DA0";"27FAC";//27DA0, 27FAC
;CalculateObjectLighting;"865AC";"885F0";//865AC, 885F0
;CalculateObjectLightingLara;"2BFA0";"2C2C8";//2BFA0, 2C2C8
;CalculateObjectLightingLaraCutSeq;"2D204";"2D4EC";//2D204, 2D4EC
;CalculateSpotCams;"37ED0";"383D0";//37ED0, 383D0
;CalculateTarget;"22B0C";"22D18";//22B0C, 22D18
;calcval;"8717C";"891C0";//8717C, 891C0
;CalcVolumes_ASM;"91358";"9339C";//91358, 9339C
;CameraCollisionBounds;"28634";"28848";//28634, 28848
;CanLaraHangSideways;"19930";"19A64";//19930, 19A64
;cbvsync;"5D884";"5DD00";//5D884, 5DD00
;CD_cw;"705E8";"6875C";//705E8, 6875C
;CD_datasync;"70D98";"68F0C";//70D98, 68F0C
;CD_flush;"709F4";"68B68";//709F4, 68B68
;CD_getsector;"746E4";"69F7C";//746E4, 69F7C
;CD_getsector2;"745F4";"6A09C";//745F4, 6A09C
;CD_init;"70BB8";"68D2C";//70BB8, 68D2C
;CD_initvol;"70AC8";"68C3C";//70AC8, 68C3C
;CD_ready;"70320";"68494";//70320, 68494
;CD_set_test_parmnum;"70F00";"69074";//70F00, 69074
;CD_sync;"700A0";"68214";//700A0, 68214
;CdControl;"69848";"692FC";//69848, 692FC
;CdControlB;"69AB8";"6956C";//69AB8, 6956C
;CdControlF;"69984";"69438";//69984, 69438
;CDDA_SetMasterVolume;"5DDC4";"5E240";//5DDC4, 5E240
;CDDA_SetVolume;"5D7FC";"5DC78";//5D7FC, 5DC78
;CdDataCallback;"73E78";"696BC";//73E78, 696BC
;CdDataSync;"73EC8";"6A18C";//73EC8, 6A18C
;CdFlush;"73F48";"69F1C";//73F48, 69F1C
;CdGetSector;"73EE8";"69F5C";//73EE8, 69F5C
;CdGetSector2;"73EA8";"6A07C";//73EA8, 6A07C
;CdInit;"67BE4";"66110";//67BE4, 66110
;CdIntToPos;"69C08";"6915C";//69C08, 6915C
;CdLastCom;"68B64";"6926C";//68B64, 6926C
;CdLastPos;"73F38";"69F0C";//73F38, 69F0C
;CdMode;"73F68";"69EFC";//73F68, 69EFC
;CdPosToInt;"69D18";"66270";//69D18, 66270
;CdRead;"71A50";"69C4C";//71A50, 69C4C
;CdReadSync;"71BEC";"69DE8";//71BEC, 69DE8
;CdReady;"73F78";"692BC";//73F78, 692BC
;CdReadyCallback;"73F08";"692DC";//73F08, 692DC
;CdSearchFile;"68ED8";"662F0";//68ED8, 662F0
;CdSetDebug;"6826C";"6927C";//6826C, 6927C
;CdStatus;"73F28";"69EEC";//73F28, 69EEC
;CdSync;"68B44";"6929C";//68B44, 6929C
;CdSyncCallback;"73E58";"69F3C";//73E58, 69F3C
;CeilingTrapDoorCollision;"5912C";"595A8";//5912C, 595A8
;ChangeClearPAD;"6C710";"6A40C";//6C710, 6A40C
;ChangeClearRCnt;"6C720";"6A41C";//6C720, 6A41C
;ChaseCamera;"263B4";"265C4";//263B4, 265C4
;check_xray_machine_trigger;"21634";"21840";//21634, 21840
;CheckCallback;"65134";"6A520";//65134, 6A520
;CheckCutPlayed;"20E34";"21040";//20E34, 21040
;CheckForHoldingState;"46EE4";"47348";//46EE4, 47348
;CheckGuardOnTrigger;"209AC";"20BB8";//209AC, 20BB8
;CheckNoColCeilingTriangle;"78878";"7A8BC";//78878, 7A8BC
;CheckNoColFloorTriangle;"78BD0";"7AC14";//78BD0, 7AC14
;CheckSumValid;"53720";"53B84";//53720, 53B84
;ClearDynamics;"8B1EC";"8D230";//8B1EC, 8D230
;ClearFires;"8B1C8";"8D20C";//8B1C8, 8D20C
;ClearImage;"6592C";"6B174";//6592C, 6B174
;ClearLOT;"4E4A0";"4E904";//4E4A0, 4E904
;ClearOTagR;"65A74";"6B2BC";//65A74, 6B2BC
;ClearSpidersPatch;"39AA4";"39FA4";//39AA4, 39FA4
;ClipTarget;"79B48";"7BB8C";//79B48, 7BB8C
;ClipToScreen;"75CC8";"77D0C";//75CC8, 77D0C
;ClipXY;"75554";"77598";//75554, 77598
;ClipXY_D2;"80D1C";"82D60";//80D1C, 82D60
;close;"724D0";"6F1F0";//724D0, 6F1F0
;CloseEvent;"7351C";"6FCC0";//7351C, 6FCC0
;CloseTrapDoor;"58B68";"59008";//58B68, 59008
;CogSwitchCollision;"58354";"587F4";//58354, 587F4
;CogSwitchControl;"581D8";"58678";//581D8, 58678
;CollectCarriedItems;"5339C";"53800";//5339C, 53800
;CollideStaticObjects;"7BA68";"7DAAC";//7BA68, 7DAAC
;CombatCamera;"26838";"26A48";//26838, 26A48
;combine_clothbottle;"3F8D0";"3FD24";//3F8D0, 3FD24
;combine_crossbow_lasersight;"3F590";"3F9E4";//3F590, 3F9E4
;combine_HK_SILENCER;"3F4C0";"3F914";//3F4C0, 3F914
;combine_KeyItem1;"3F720";"3FB74";//3F720, 3FB74
;combine_KeyItem2;"3F744";"3FB98";//3F744, 3FB98
;combine_KeyItem3;"3F768";"3FBBC";//3F768, 3FBBC
;combine_KeyItem4;"3F78C";"3FBE0";//3F78C, 3FBE0
;combine_KeyItem5;"3F7B0";"3FC04";//3F7B0, 3FC04
;combine_KeyItem6;"3F7D4";"3FC28";//3F7D4, 3FC28
;combine_KeyItem7;"3F7F8";"3FC4C";//3F7F8, 3FC4C
;combine_KeyItem8;"3F81C";"3FC70";//3F81C, 3FC70
;combine_PickupItem1;"3F840";"3FC94";//3F840, 3FC94
;combine_PickupItem2;"3F864";"3FCB8";//3F864, 3FCB8
;combine_PickupItem3;"3F888";"3FCDC";//3F888, 3FCDC
;combine_PickupItem4;"3F8AC";"3FD00";//3F8AC, 3FD00
;combine_PuzzleItem1;"3F620";"3FA74";//3F620, 3FA74
;combine_PuzzleItem2;"3F640";"3FA94";//3F640, 3FA94
;combine_PuzzleItem3;"3F660";"3FAB4";//3F660, 3FAB4
;combine_PuzzleItem4;"3F680";"3FAD4";//3F680, 3FAD4
;combine_PuzzleItem5;"3F6A0";"3FAF4";//3F6A0, 3FAF4
;combine_PuzzleItem6;"3F6C0";"3FB14";//3F6C0, 3FB14
;combine_PuzzleItem7;"3F6E0";"3FB34";//3F6E0, 3FB34
;combine_PuzzleItem8;"3F700";"3FB54";//3F700, 3FB54
;combine_revolver_lasersight;"3F500";"3F954";//3F500, 3F954
;combine_these_two_objects;"3F348";"3F79C";//3F348, 3F79C
;ConfirmCameraTargetPos;"2973C";"29950";//2973C, 29950
;construct_combine_object_list;"3C940";"3CD94";//3C940, 3CD94
;construct_object_list;"3CC80";"3D0D4";//3CC80, 3D0D4
;ControlAnimatingSlots;"4F154";"4F5B8";//4F154, 4F5B8
;ControlBlinker;"5D660";"5DADC";//5D660, 5DADC
;ControlBodyPart;"4E600";"4EA64";//4E600, 4EA64
;ControlColouredLight;"5D368";"5D7E4";//5D368, 5D7E4
;ControlCrossbow;"4323C";"436A0";//4323C, 436A0
;ControlElectricalLight;"5D3F8";"5D874";//5D3F8, 5D874
;ControlElectricFence;"361D8";"366D8";//361D8, 366D8
;ControlEnemyMissile;"342D0";"347D0";//342D0, 347D0
;ControlExplosion;"5C8BC";"5CD38";//5C8BC, 5CD38
;ControlPhase;"1D538";"1D6CC";//1D538, 1D6CC
;ControlPulseLight;"5D254";"5D6D0";//5D254, 5D6D0
;ControlRaisingBlock;"5C56C";"5C9E8";//5C56C, 5C9E8
;ControlRollingBall;"5AE08";"5B284";//5AE08, 5B284
;ControlScaledSpike;"5C000";"5C47C";//5C000, 5C47C
;ControlSmokeEmitter;"338B8";"33DB8";//338B8, 33DB8
;ControlStrobeLight;"5D118";"5D594";//5D118, 5D594
;ControlTeleporter;"35934";"35E34";//35934, 35E34
;ControlTriggerTriggerer;"4F9A4";"4FE08";//4F9A4, 4FE08
;ControlTwoBlockPlatform;"5BC7C";"5C0F8";//5BC7C, 5C0F8
;ControlWaterfall;"4FBC4";"50028";//4FBC4, 50028
;ControlXRayMachine;"50114";"50578";//50114, 50578
;convert_invobj_to_obj;"40B08";"40F5C";//40B08, 40F5C
;convert_obj_to_invobj;"40AC4";"40F18";//40AC4, 40F18
;copy_matrix_from_scratch;"8430C";"86350";//8430C, 86350
;cossack_control;"3178C";"31BBC";//3178C, 31BBC
;cossack_end;"31998";"31DC8";//31998, 31DC8
;cossack_init;"31784";"31BB4";//31784, 31BB4
;cranecut_control;"2E0B8";"2E348";//2E0B8, 2E348
;cranecut_end;"2E020";"2E2B0";//2E020, 2E2B0
;cranecut_init;"2DFA0";"2E230";//2DFA0, 2E230
;CreateBubble;"8BF14";"8DF58";//8BF14, 8DF58
;CreateEffect;"420E0";"42534";//420E0, 42534
;CreateFlare;"49BBC";"4A020";//49BBC, 4A020
;CreateItem;"41BAC";"42000";//41BAC, 42000
;CreateMonoScreen;"5F450";"60130";//5F450, 60130
;CreateNewVertex;"75BF0";"77C34";//75BF0, 77C34
;CreateZone;"4E330";"4E794";//4E330, 4E794
;CreatureActive;"218B0";"21ABC";//218B0, 21ABC
;CreatureAIInfo;"2194C";"21B58";//2194C, 21B58
;CreatureAnimation;"23448";"23654";//23448, 23654
;CreatureCollision;"29E10";"2A024";//29E10, 2A024
;CreatureCreature;"2304C";"23258";//2304C, 23258
;CreatureDie;"232D4";"234E0";//232D4, 234E0
;CreatureEffect;"24760";"2496C";//24760, 2496C
;CreatureEffectT;"247D4";"249E0";//247D4, 249E0
;CreatureFloat;"24524";"24730";//24524, 24730
;CreatureJoint;"24484";"24690";//24484, 24690
;CreatureKill;"24A94";"24CA0";//24A94, 24CA0
;CreatureMood;"226E4";"228F0";//226E4, 228F0
;CreatureTilt;"24418";"24624";//24418, 24624
;CreatureTurn;"24130";"2433C";//24130, 2433C
;CreatureUnderwater;"2468C";"24898";//2468C, 24898
;CreatureVault;"24864";"24A70";//24864, 24A70
;CreatureYRot;"25738";"25944";//25738, 25944
;CrossbowHitSwitchType78;"42F7C";"433E0";//42F7C, 433E0
;CrowbarSwitchCollision;"57ACC";"57F6C";//57ACC, 57F6C
;CrowDoveSwitchCollision;"58740";"58BE0";//58740, 58BE0
;CrowDoveSwitchControl;"58674";"58B14";//58674, 58B14
;Cutanimate;"32B50";"32FE8";//32B50, 32FE8
;CutLaraBubbles;"327F8";"32C90";//327F8, 32C90
;CutsceneRopeControl;"50454";"508B8";//50454, 508B8
;cutseq_givelara_hk;"2D308";"2D5F0";//2D308, 2D5F0
;cutseq_givelara_pistols;"2D2A0";"2D588";//2D2A0, 2D588
;cutseq_kill_item;"2D69C";"2D984";//2D69C, 2D984
;cutseq_malloc;"2D134";"2D454";//2D134, 2D454
;cutseq_removelara_hk;"2D328";"2D610";//2D328, 2D610
;cutseq_removelara_pistols;"2D2D8";"2D5C0";//2D2D8, 2D5C0
;cutseq_restore_item;"2D738";"2DA20";//2D738, 2DA20
;cutseq_shoot_pistols;"2D360";"2D648";//2D360, 2D648
;DartEmitterControl;"5988C";"59D08";//5988C, 59D08
;DartsControl;"59AD4";"59F50";//59AD4, 59F50
;DayNightFader_ASM;"871FC";"89240";//871FC, 89240
;deal_with_actor_shooting;"2EB9C";"2EEA8";//2EB9C, 2EEA8
;deal_with_pistols;"2D48C";"2D774";//2D48C, 2D774
;DecodeAnim;"90A88";"92ACC";//90A88, 92ACC
;DecodeTrack;"90BD8";"92C1C";//90BD8, 92C1C
;DEL_ApplyMatrixSV;"8F348";"9138C";//8F348, 9138C
;DEL_CalcLaraMatrices_Interpolated_ASM;"84350";"86394";//84350, 86394
;DEL_CalcLaraMatrices_Normal_ASM;"83BDC";"85C20";//83BDC, 85C20
;DEL_ChangeCDMode;"5DEB0";"5E650";//5DEB0, 5E650
;DEL_picked_up_object;"3FEB0";"40304";//3FEB0, 40304
;DEL_restore_both_matrices;"84F78";"86FBC";//84F78, 86FBC
;DEL_stash_both_matrices;"84EF4";"86F38";//84EF4, 86F38
;DelAlignLaraToRope;"4B3D8";"4B83C";//4B3D8, 4B83C
;DelBox;"871D8";"8921C";//871D8, 8921C
;DeliverEvent;"70FE8";"66260";//70FE8, 66260
;DelLine;"871A8";"891EC";//871A8, 891EC
;dels_give_lara_guns_cheat;"41470";"418C4";//41470, 418C4
;dels_give_lara_items_cheat;"41324";"41778";//41324, 41778
;DelsHandyTeleportLara;"2DC14";"2DEA4";//2DC14, 2DEA4
;DelTorchFlames;"2F6E4";"2FA64";//2F6E4, 2FA64
;DetatchSpark;"32D8C";"3328C";//32D8C, 3328C
;dirty_envmap_intensity_shit_QUAD;"7F7BC";"81800";//7F7BC, 81800
;dirty_envmap_intensity_shit_TRI;"7F60C";"81650";//7F60C, 81650
;DisableBaddieAI;"4DEC0";"4E324";//4DEC0, 4E324
;DisplayConfig;"6080C";"61340";//6080C, 61340
;DisplayFiles;"626E4";"62DC8";//626E4, 62DC8
;DisplayStatsUCunt;"61928";"625A8";//61928, 625A8
;DIVFP;"7AB38";"7CB7C";//7AB38, 7CB7C
;DMACallback;"650A0";"6A48C";//650A0, 6A48C
;do_catapult_meshswap;"3024C";"305CC";//3024C, 305CC
;do_chalk_meshswap;"31D24";"321BC";//31D24, 321BC
;do_clanger_meshswap;"3081C";"30B9C";//3081C, 30B9C
;do_debounced_joystick_poo;"3C224";"3C678";//3C224, 3C678
;do_examine_mode;"411C4";"41618";//411C4, 41618
;do_gfx_debug_mode;"5E1B4";"*";//5E1B4, *
;do_hammer_meshswap;"2F57C";"2F8C0";//2F57C, 2F8C0
;do_keypad_mode;"40B54";"40FA8";//40B54, 40FA8
;do_new_cutscene_camera;"2CA68";"2CD88";//2CA68, 2CD88
;do_pierre_gun_meshswap;"32484";"3291C";//32484, 3291C
;do_playstation_button_prompts_v1;"416E0";"41B34";//416E0, 41B34
;do_stats_mode;"412BC";"41710";//412BC, 41710
;do_the_flat_colursub_poly_quad;"803C4";"82408";//803C4, 82408
;do_the_flat_colursub_poly_tri;"800C0";"82104";//800C0, 82104
;do_these_objects_combine;"3F2DC";"3F730";//3F2DC, 3F730
;DoBloodSplat;"8D134";"8F178";//8D134, 8F178
;DoFlameTorch;"3A3CC";"3A8CC";//3A3CC, 3A8CC
;DoFlareInHand;"49984";"49DE8";//49984, 49DE8
;DoFlareLight;"49708";"49B6C";//49708, 49B6C
;DoGameflow;"10F5C";"10FD8";//10F5C, 10FD8
;DoGrenadeDamageOnBaddie;"43FB0";"44414";//43FB0, 44414
;DoLevel;"10ABC";"10A84";//10ABC, 10A84
;DoLotsOfBlood;"8D078";"8F0BC";//8D078, 8F0BC
;DoorCollision;"2B150";"2B478";//2B150, 2B478
;DoorControl;"2AD74";"2B09C";//2AD74, 2B09C
;DoPauseMenu;"60F34";"61A68";//60F34, 61A68
;DoProperDetection;"48984";"48DE8";//48984, 48DE8
;DoRayBox;"79FC4";"7C008";//79FC4, 7C008
;DoTitle;"10604";"105C4";//10604, 105C4
;DoubleDoorCollision;"2B854";"2BB7C";//2B854, 2BB7C
;draw_ammo_selector;"3EDDC";"3F230";//3EDDC, 3F230
;draw_current_object_list;"3D350";"3D7A4";//3D350, 3D7A4
;draw_flare;"49F74";"4A3D8";//49F74, 4A3D8
;draw_flare_meshes;"4A394";"4A7F8";//4A394, 4A7F8
;draw_outlines;"8E24C";"90290";//8E24C, 90290
;draw_pistol_meshes;"4487C";"44CE0";//4487C, 44CE0
;draw_pistols;"443B4";"44818";//443B4, 44818
;draw_rotate_sprite;"5F134";"5FE14";//5F134, 5FE14
;draw_shotgun;"43480";"438E4";//43480, 438E4
;draw_shotgun_meshes;"42444";"42898";//42444, 42898
;draw_those_bitches;"906DC";"92720";//906DC, 92720
;DrawAirBar;"3B3CC";"3B828";//3B3CC, 3B828
;DrawAllAnimatingItems_ASM;"82900";"84944";//82900, 84944
;DrawAllFx;"88BCC";"8AC10";//88BCC, 8AC10
;DrawBaddieGunFlash;"50594";"509F8";//50594, 509F8
;DrawBinoculars;"7D950";"7F994";//7D950, 7F994
;DrawBox2D;"86EB8";"88EFC";//86EB8, 88EFC
;DrawChar;"8DDBC";"8FE00";//8DDBC, 8FE00
;DrawCircle2D;"86D70";"88DB4";//86D70, 88DB4
;DrawCutSeqActors;"90DCC";"92E10";//90DCC, 92E10
;DrawF4;"5EDF8";"5FAD8";//5EDF8, 5FAD8
;DrawFlareInAir;"49A8C";"49EF0";//49A8C, 49EF0
;DrawFlash;"8F704";"91748";//8F704, 91748
;DrawFlatSky_ASM;"7DFBC";"80000";//7DFBC, 80000
;DrawGameInfo;"3AD68";"3B268";//3AD68, 3B268
;DrawGunflashes;"8A924";"8C968";//8A924, 8C968
;DrawHealthBar;"3B0C8";"3B524";//3B0C8, 3B524
;DrawInventoryItemMe;"3C6A0";"3CAF4";//3C6A0, 3CAF4
;DrawLaserSightSprite_ASM;"8A7E8";"8C82C";//8A7E8, 8C82C
;DrawLensFlare;"*";"3582C";//*, 3582C
;DrawLensFlares;"3532C";"*";//3532C, *
;DrawLineH;"5EECC";"5FBAC";//5EECC, 5FBAC
;DrawLineV;"5EF84";"5FC64";//5EF84, 5FC64
;DrawMesh;"75D84";"77DC8";//75D84, 77DC8
;DrawMonoScreen;"8F140";"91184";//8F140, 91184
;DrawMoon;"7E2E0";"80324";//7E2E0, 80324
;DrawOTagEnv;"65B58";"6B3A0";//65B58, 6B3A0
;DrawPhaseGame;"63F04";"645E0";//63F04, 645E0
;DrawPickups;"3B5B8";"3BA14";//3B5B8, 3BA14
;DrawPsxTile;"8F770";"917B4";//8F770, 917B4
;DrawRoomletListAsmBinocular;"74C30";"76C78";//74C30, 76C78
;DrawRooms;"643FC";"64B1C";//643FC, 64B1C
;DrawScaledSpike;"5B854";"5BCD0";//5B854, 5BCD0
;DrawShockwaves;"8F7D8";"9181C";//8F7D8, 9181C
;DrawSkyMesh;"7DC8C";"7FCD0";//7DC8C, 7FCD0
;DrawSprite;"909C0";"92A04";//909C0, 92A04
;DrawSubdivChunk;"7E178";"801BC";//7E178, 801BC
;DrawSync;"658FC";"6B144";//658FC, 6B144
;DrawSyncCallback;"65884";"*";//65884, *
;DrawThreeDeeObject2D;"3C43C";"3C890";//3C43C, 3C890
;DrawTPage;"5EE78";"5FB58";//5EE78, 5FB58
;DrawWeaponMissile;"35894";"35D94";//35894, 35D94
;DropBaddyPickups;"259BC";"25BC8";//259BC, 25BC8
;EarthQuake;"4EAB4";"4EF18";//4EAB4, 4EF18
;EffectNewRoom;"42320";"42774";//42320, 42774
;EnableBaddieAI;"4DF0C";"4E370";//4DF0C, 4E370
;EnableEvent;"6A214";"6FCE0";//6A214, 6FCE0
;EnterCriticalSection;"6A244";"65C44";//6A244, 65C44
;erase;"73BE8";"70AA0";//73BE8, 70AA0
;EscapeBox;"221C4";"223D0";//221C4, 223D0
;ExitCriticalSection;"6A234";"65C54";//6A234, 65C54
;ExplodeFX;"4E4E0";"4E944";//4E4E0, 4E944
;ExplodeItemNode;"207DC";"209F0";//207DC, 209F0
;ExplodingDeath2;"34C94";"35194";//34C94, 35194
;ExplosionFX;"39694";"39B94";//39694, 39B94
;Fade;"34B78";"35078";//34B78, 35078
;fade_ammo_selector;"3ED08";"3F15C";//3ED08, 3F15C
;FallFromRope;"17394";"174C8";//17394, 174C8
;FallingBlock;"59558";"599D4";//59558, 599D4
;FallingBlockCeiling;"596D4";"59B50";//596D4, 59B50
;FallingBlockCollision;"5947C";"598F8";//5947C, 598F8
;FallingBlockFloor;"59674";"59AF0";//59674, 59AF0
;FallingCeiling;"59720";"59B9C";//59720, 59B9C
;FILE_Length;"5E60C";"5E578";//5E60C, 5E578
;FILE_Load;"5E528";"5E5D8";//5E528, 5E5D8
;FILE_Read;"5E6A8";"5E414";//5E6A8, 5E414
;find_a_fucking_item;"2DF50";"2E1E0";//2DF50, 2E1E0
;find_target_point;"48150";"485B4";//48150, 485B4
;FindAITargetObject;"25380";"2558C";//25380, 2558C
;FindGridShift;"7BA34";"7DA78";//7BA34, 7DA78
;FindPlinth;"51200";"51664";//51200, 51664
;finish_cutseq;"2D180";"2D4A0";//2D180, 2D4A0
;finish_level_effect;"393D4";"398D4";//393D4, 398D4
;FireCollision;"3A068";"3A568";//3A068, 3A568
;FireCrossbow;"42E18";"4326C";//42E18, 4326C
;FireCrossBowFromLaserSight;"1FBC0";"1FDD4";//1FBC0, 1FDD4
;FireHK;"42CA8";"430FC";//42CA8, 430FC
;FireShotgun;"429F0";"42E44";//429F0, 42E44
;FireWeapon;"48328";"4878C";//48328, 4878C
;firstfile;"72510";"6F210";//72510, 6F210
;firstfile2;"73FB8";"6F4B0";//73FB8, 6F4B0
;FixedCamera;"278E4";"27AF0";//278E4, 27AF0
;FlameControl;"5AA6C";"5AEE8";//5AA6C, 5AEE8
;FlameEmitter2Control;"5A1BC";"5A638";//5A1BC, 5A638
;FlameEmitter3Control;"5A38C";"5A808";//5A38C, 5A808
;FlameEmitterControl;"59D18";"5A194";//59D18, 5A194
;FlameTorchControl;"3A8F4";"3ADF4";//3A8F4, 3ADF4
;FlareControl;"4A418";"4A87C";//4A418, 4A87C
;FlashIt;"3AD2C";"3B22C";//3AD2C, 3B22C
;FlipMap;"1F7D4";"1F9E8";//1F7D4, 1F9E8
;floor_shake_effect;"39410";"39910";//39410, 39910
;FloorTrapDoorCollision;"58E80";"592FC";//58E80, 592FC
;FlushCache;"73BF8";"6D4C4";//73BF8, 6D4C4
;frigup_lara;"2D000";"2D320";//2D000, 2D320
;FullBlockSwitchCollision;"57FB8";"58458";//57FB8, 58458
;FullBlockSwitchControl;"57EB8";"58358";//57EB8, 58358
;funcEvSpError;"71E14";"6F664";//71E14, 6F664
;funcEvSpErrorx;"71E64";"6F6B4";//71E64, 6F6B4
;funcEvSpIOE;"71E00";"6F650";//71E00, 6F650
;funcEvSpIOEx;"71E50";"6F6A0";//71E50, 6F6A0
;funcEvSpNewcard;"71E3C";"6F68C";//71E3C, 6F68C
;funcEvSpNewcardx;"71E8C";"6F6DC";//71E8C, 6F6DC
;funcEvSpTimeout;"71E28";"6F678";//71E28, 6F678
;funcEvSpTimeoutx;"71E78";"6F6C8";//71E78, 6F6C8
;game_free;"5E85C";"5F590";//5E85C, 5F590
;game_malloc;"5E7E8";"5F544";//5E7E8, 5F544
;GC_adjust_height;"793EC";"7B430";//793EC, 7B430
;GenericSphereBoxCollision;"2A5EC";"2A814";//2A5EC, 2A814
;GenericSphereBoxCollision_D2;"7C6E8";"7E72C";//7C6E8, 7E72C
;get_alarm;"6795C";"6D1A4";//6795C, 6D1A4
;get_ce;"665E8";"6BE30";//665E8, 6BE30
;get_cs;"66538";"6BD80";//66538, 6BD80
;get_current_ammo_pointer;"4965C";"49AC0";//4965C, 49AC0
;get_dx;"66760";"6BFA8";//66760, 6BFA8
;get_mode;"664E0";"6BD28";//664E0, 6BD28
;get_ofs;"66698";"6BEE0";//66698, 6BEE0
;get_tw;"666DC";"6BF24";//666DC, 6BF24
;GetActorJointAbsPosition;"2EC80";"2EF8C";//2EC80, 2EF8C
;GetAITarget;"24ED8";"250E4";//24ED8, 250E4
;GetBestFrame;"858C8";"8790C";//858C8, 8790C
;GetBounds;"74B28";"76B70";//74B28, 76B70
;GetBounds_D3;"8139C";"833E0";//8139C, 833E0
;GetBoundsAccurate;"858F8";"8793C";//858F8, 8793C
;GetCeiling;"79060";"7B0A4";//79060, 7B0A4
;GetChange;"7D48C";"7F4D0";//7D48C, 7F4D0
;GetClimbTrigger;"46E38";"4729C";//46E38, 4729C
;GetClut;"86D58";"88D9C";//86D58, 88D9C
;GetCollidedObjects;"7C968";"7E9AC";//7C968, 7E9AC
;GetCollisionInfo;"7B210";"7D254";//7B210, 7D254
;GetCreatureMood;"22398";"225A4";//22398, 225A4
;GetDirOctant;"160B4";"161E8";//160B4, 161E8
;GetDoor;"787CC";"7A810";//787CC, 7A810
;GetFlameTorch;"3A830";"3AD30";//3A830, 3AD30
;GetFloor;"78954";"7A998";//78954, 7A998
;GetFrames;"81468";"834AC";//81468, 834AC
;GetFrames_D2;"8582C";"87870";//8582C, 87870
;GetFreeBlood;"8D348";"8F38C";//8D348, 8F38C
;GetFreeBubble;"8BEAC";"8DEF0";//8BEAC, 8DEF0
;GetFreeDebris;"366B0";"36BB0";//366B0, 36BB0
;GetFreeDrip;"8CFD8";"8F01C";//8CFD8, 8F01C
;GetFreeFireSpark_ASM;"8AF7C";"8CFC0";//8AF7C, 8CFC0
;GetFreeGunshell;"8D46C";"8F4B0";//8D46C, 8F4B0
;GetFreeShockwave;"8B268";"8D2AC";//8B268, 8D2AC
;GetFreeSmokeSpark;"8AC24";"8CC68";//8AC24, 8CC68
;GetFreeSpark;"8B2F8";"8D33C";//8B2F8, 8D33C
;GetHeight;"78C74";"7ACB8";//78C74, 7ACB8
;GetJointAbsPosition;"8E860";"908A4";//8E860, 908A4
;GetJointAbsPositionMatrix;"8EBB4";"90BF8";//8EBB4, 90BF8
;GetKeyTrigger;"56080";"56520";//56080, 56520
;GetLaraCollisionInfo;"11764";"11814";//11764, 11814
;GetLaraDeadlyBounds;"4B408";"4B86C";//4B408, 4B86C
;GetLaraJointPos;"85A58";"87A9C";//85A58, 87A9C
;GetOffset;"4EF80";"4F3E4";//4EF80, 4F3E4
;GetPanVolume;"91E8C";"93ED8";//91E8C, 93ED8
;GetRandomControl;"5E9F0";"5F6D0";//5E9F0, 5F6D0
;GetRandomDraw;"5EA18";"5F6F8";//5EA18, 5F6F8
;GetRCnt;"6A174";"*";//6A174, *
;GetRoomBoundsAsm;"77E70";"79EB4";//77E70, 79EB4
;GetSpheres;"8E438";"9047C";//8E438, 9047C
;GetStringDimensions;"8E028";"9006C";//8E028, 9006C
;GetStringLength;"8DEDC";"8FF20";//8DEDC, 8FF20
;GetSwitchTrigger;"55F4C";"563EC";//55F4C, 563EC
;GetTargetOnLOS;"1FC5C";"1FE70";//1FC5C, 1FE70
;GetTighRopeFallOff;"1CD28";"1CEBC";//1CD28, 1CEBC
;GetTiltType;"7B07C";"7D0C0";//7B07C, 7D0C0
;GetTPage;"86D1C";"88D60";//86D1C, 88D60
;GetTrackWord;"90D58";"92D9C";//90D58, 92D9C
;GetVideoMode;"6F000";"6AF78";//6F000, 6AF78
;GetWaterDepth;"4CA38";"4CE9C";//4CA38, 4CE9C
;GetWaterHeight;"1E534";"1E748";//1E534, 1E748
;GH_adjust_height;"78FEC";"7B030";//78FEC, 7B030
;gInit;"615CC";"6210C";//615CC, 6210C
;go_and_load_game;"3C900";"3CD54";//3C900, 3CD54
;go_and_save_game;"3C920";"3CD74";//3C920, 3CD74
;GPU_BeginScene;"5F0F0";"5FDD0";//5F0F0, 5FDD0
;GPU_ClearVRAM;"5F2D0";"5FFB0";//5F2D0, 5FFB0
;GPU_cw;"6EFF0";"6D314";//6EFF0, 6D314
;GPU_EndScene;"5DFDC";"5F23C";//5DFDC, 5F23C
;GPU_FlipNoIdle;"5E078";"5F264";//5E078, 5F264
;GPU_FlipStory;"5E448";"5F350";//5E448, 5F350
;GPU_FlipToBuffer;"5F3C8";"600A8";//5F3C8, 600A8
;GPU_GetScreenPosition;"5F34C";"6002C";//5F34C, 6002C
;GPU_SetScreenPosition;"5F360";"60040";//5F360, 60040
;GPU_SyncBothScreens;"5F374";"60054";//5F374, 60054
;GPU_UseOrderingTables;"5DF68";"5F1C8";//5DF68, 5F1C8
;GPU_UsePolygonBuffers;"5DFB0";"5F210";//5DFB0, 5F210
;GrabActorMatrix;"911F8";"9323C";//911F8, 9323C
;GunHit;"50A3C";"50EA0";//50A3C, 50EA0
;GunMiss;"50B58";"50FBC";//50B58, 50FBC
;GunShot;"50A34";"50E98";//50A34, 50E98
;HairControl;"82D28";"84D6C";//82D28, 84D6C
;hamgate_control;"2F4D0";"2F814";//2F4D0, 2F814
;hamgate_end;"2F534";"2F878";//2F534, 2F878
;hamgate_init;"2F434";"2F778";//2F434, 2F778
;handle_actor_chatting;"2DDF0";"2E080";//2DDF0, 2E080
;handle_cutseq_triggering;"2C3C4";"2C6EC";//2C3C4, 2C6EC
;handle_inventry_menu;"3DF44";"3E398";//3DF44, 3E398
;handle_lara_chatting;"2DD00";"2DF90";//2DD00, 2DF90
;handle_object_changeover;"3DF18";"3E36C";//3DF18, 3E36C
;Hardcore_iTranslateXYZ;"852CC";"87310";//852CC, 87310
;Hardcore_mTranslateXYZ;"84B30";"86B74";//84B30, 86B74
;have_i_got_item;"3F29C";"3F6F0";//3F29C, 3F6F0
;have_i_got_object;"4086C";"40CC0";//4086C, 40CC0
;HitTarget;"486E0";"48B44";//486E0, 48B44
;HookEntryInt;"6C310";"6AAB4";//6C310, 6AAB4
;HorClipXY;"7DF00";"7FF44";//7DF00, 7FF44
;HybridCollision;"50758";"50BBC";//50758, 50BBC
;IniPrim;"7E65C";"806A0";//7E65C, 806A0
;init_cutseq_actors;"2D944";"2DBD4";//2D944, 2DBD4
;init_cutseq_malloc;"2D110";"2D430";//2D110, 2D430
;init_game_malloc;"5E79C";"5F4F8";//5E79C, 5F4F8
;init_keypad_mode;"40B2C";"40F80";//40B2C, 40F80
;init_new_inventry;"3C024";"3C478";//3C024, 3C478
;init_resident_cutseq;"2DB8C";"2DE1C";//2DB8C, 2DE1C
;init_scratchpad;"8281C";"84860";//8281C, 84860
;InitCARD;"6F0FC";"6D9D8";//6F0FC, 6D9D8
;InitCARD2;"73C18";"6DAE0";//73C18, 6DAE0
;InitCutPlayed;"20D90";"20F9C";//20D90, 20F9C
;InitFont;"115EC";"1169C";//115EC, 1169C
;InitGeom;"67AD4";"6D32C";//67AD4, 6D32C
;InitGT3;"7ED50";"80D94";//7ED50, 80D94
;InitGT3_V2;"7FF38";"81F7C";//7FF38, 81F7C
;InitGT4;"7ED78";"80DBC";//7ED78, 80DBC
;InitGT4_V2;"801C0";"82204";//801C0, 82204
;InitHeap;"71018";"76754";//71018, 76754
;initialise_light_matrix;"7EDAC";"80DF0";//7EDAC, 80DF0
;InitialiseCamera;"25AAC";"25CB8";//25AAC, 25CB8
;InitialiseCreature;"21800";"21A0C";//21800, 21A0C
;InitialiseFXArray;"4207C";"424D0";//4207C, 424D0
;InitialiseHair;"3AC70";"3B170";//3AC70, 3B170
;InitialiseItem;"41BEC";"42040";//41BEC, 42040
;InitialiseItemArray;"418E8";"41D3C";//418E8, 41D3C
;InitialiseLaraAnims;"4B340";"4B7A4";//4B340, 4B7A4
;InitialiseLaraLoad;"4B308";"4B76C";//4B308, 4B76C
;InitialiseLOTarray;"4DE40";"4E2A4";//4DE40, 4E2A4
;InitialiseNewWeapon;"4772C";"47B90";//4772C, 47B90
;InitialisePickUpDisplay;"3B580";"3B9DC";//3B580, 3B9DC
;InitialiseSlot;"4E13C";"4E5A0";//4E13C, 4E5A0
;InitialiseSpotCam;"37648";"37B48";//37648, 37B48
;InitInterpolation;"76CB4";"78CF8";//76CB4, 78CF8
;InitInterpolation_D2;"81DF4";"83E38";//81DF4, 83E38
;InitNewCDSystem;"5DDE8";"5E264";//5DDE8, 5E264
;InitObjGTE;"7F9C0";"81A04";//7F9C0, 81A04
;InitPackNodes;"2CED4";"2D1F4";//2CED4, 2D1F4
;InitPrim;"75D48";"77D8C";//75D48, 77D8C
;InitSpotCamSequences;"374B8";"379B8";//374B8, 379B8
;InitSubDiv;"7E6C8";"8070C";//7E6C8, 8070C
;InitSubdivision;"75608";"7764C";//75608, 7764C
;insert_object_into_list;"3D2C4";"3D718";//3D2C4, 3D718
;insert_object_into_list_v2;"3CB90";"3CFE4";//3CB90, 3CFE4
;insert_psx_clip_window;"8FDA4";"91DE8";//8FDA4, 91DE8
;InterpolateAngle;"20AF0";"20CFC";//20AF0, 20CFC
;InterpolateArmMatrix;"85764";"877A8";//85764, 877A8
;InterpolateMatrix;"77250";"79294";//77250, 79294
;InterpolateMatrix_D2;"82318";"*";//82318, *
;InterpolateMatrix_D3;"85414";"87458";//85414, 87458
;InterpolateMatrix2;"*";"8435C";//*, 8435C
;InterruptCallback;"65070";"6A45C";//65070, 6A45C
;invisibility_off;"39A6C";"39F6C";//39A6C, 39F6C
;invisibility_on;"39A58";"39F58";//39A58, 39F58
;iPopMatrix;"76D8C";"78DD0";//76D8C, 78DD0
;iPopMatrix_D2;"81EB0";"83EF4";//81EB0, 83EF4
;iPushMatrix;"76D3C";"78D80";//76D3C, 78D80
;iPushMatrix_D2;"81E60";"83EA4";//81E60, 83EA4
;iRotSuperPackedYXZ;"7700C";"79050";//7700C, 79050
;iRotSuperPackedYXZ_D2;"82140";"84184";//82140, 84184
;iRotSuperPackedYXZ_D3;"85220";"87264";//85220, 87264
;iRotX;"76DB8";"78DFC";//76DB8, 78DFC
;iRotX_D2;"81F10";"83F54";//81F10, 83F54
;iRotX_D3;"85000";"87044";//85000, 87044
;iRotY;"76E60";"78EA4";//76E60, 78EA4
;iRotY_D2;"81FB8";"83FFC";//81FB8, 83FFC
;iRotY_D3;"850A0";"870E4";//850A0, 870E4
;iRotYXZ;"76FBC";"79000";//76FBC, 79000
;iRotYXZ_D2;"8513C";"87180";//8513C, 87180
;iRotZ;"76F04";"78F48";//76F04, 78F48
;iRotZ_D2;"8205C";"840A0";//8205C, 840A0
;is_item_currently_combinable;"3F200";"3F654";//3F200, 3F654
;is_object_in_room;"215D0";"217DC";//215D0, 217DC
;IsRoomOutside;"8EF00";"90F44";//8EF00, 90F44
;IsValidHangPos;"135BC";"1366C";//135BC, 1366C
;ItemNearLara;"7BF2C";"7DF70";//7BF2C, 7DF70
;ItemNewRoom;"7C608";"7E64C";//7C608, 7E64C
;ItemPushLara;"7C1B8";"7E1FC";//7C1B8, 7E1FC
;ItemPushLaraStatic;"2A2D8";"2A500";//2A2D8, 2A500
;itoa;"689E4";"66004";//689E4, 66004
;itoab;"688CC";"65EEC";//688CC, 65EEC
;iTranslateXYZ;"77090";"790D4";//77090, 790D4
;iTranslateXYZ_D2;"821D0";"84214";//821D0, 84214
;iTranslateXYZ2;"7709C";"790E0";//7709C, 790E0
;iTranslateXYZ2_D2;"821DC";"84220";//821DC, 84220
;iTranslateXYZ2_D3;"852F8";"8733C";//852F8, 8733C
;joby10_control;"30338";"306B8";//30338, 306B8
;joby10_end;"303AC";"3072C";//303AC, 3072C
;joby10_init;"30318";"30698";//30318, 30698
;joby2_control;"2F114";"2F420";//2F114, 2F420
;joby2_end;"2F2B8";"2F5C4";//2F2B8, 2F5C4
;joby2_init;"2F0C0";"2F3CC";//2F0C0, 2F3CC
;joby3_control;"2F304";"2F610";//2F304, 2F610
;joby3_end;"2F374";"2F680";//2F374, 2F680
;joby3_init;"2F2FC";"2F608";//2F2FC, 2F608
;joby4_control;"2FA0C";"2FD8C";//2FA0C, 2FD8C
;joby4_end;"2FB04";"2FE84";//2FB04, 2FE84
;joby4_init;"2F9E4";"2FD64";//2F9E4, 2FD64
;joby5_control;"30034";"303B4";//30034, 303B4
;joby5_end;"30144";"304C4";//30144, 304C4
;joby5_init;"2FFF0";"30370";//2FFF0, 30370
;joby6_control;"30FA0";"31320";//30FA0, 31320
;joby6_end;"30FEC";"3136C";//30FEC, 3136C
;joby6_init;"30F48";"312C8";//30F48, 312C8
;joby7_control;"3210C";"325A4";//3210C, 325A4
;joby7_end;"32328";"327C0";//32328, 327C0
;joby7_init;"320D0";"32568";//320D0, 32568
;joby8_control;"310E0";"31460";//310E0, 31460
;joby8_end;"315A0";"3195C";//315A0, 3195C
;joby8_init;"31024";"313A4";//31024, 313A4
;joby9_control;"302A0";"30620";//302A0, 30620
;joby9_end;"302F0";"30670";//302F0, 30670
;joby9_init;"30280";"30600";//30280, 30600
;JumpOffRope;"17424";"17558";//17424, 17558
;JumpSwitchCollision;"57980";"57E20";//57980, 57E20
;keep_those_fires_burning;"8ACCC";"8CD10";//8ACCC, 8CD10
;KeyHoleCollision;"52188";"525EC";//52188, 525EC
;KeyTrigger;"52C14";"53078";//52C14, 53078
;KillActiveBaddies;"39938";"39E38";//39938, 39E38
;KillAllCurrentItems;"3389C";"33D9C";//3389C, 33D9C
;KillEffect;"42178";"425CC";//42178, 425CC
;KillEverything;"338AC";"33DAC";//338AC, 33DAC
;KillItem;"41950";"41DA4";//41950, 41DA4
;KillMoveEffects;"1D4AC";"1D640";//1D4AC, 1D640
;KillMoveItems;"1D420";"1D5B4";//1D420, 1D5B4
;lara_as_all4s;"14970";"14A78";//14970, 14A78
;lara_as_all4turnl;"15390";"154C4";//15390, 154C4
;lara_as_all4turnr;"15484";"155B8";//15484, 155B8
;lara_as_back;"1A4F0";"1A624";//1A4F0, 1A624
;lara_as_backjump;"1A854";"1A988";//1A854, 1A988
;lara_as_climbdown;"46BA4";"47008";//46BA4, 47008
;lara_as_climbend;"46DF8";"4725C";//46DF8, 4725C
;lara_as_climbing;"46984";"46DE8";//46984, 46DE8
;lara_as_climbleft;"467E4";"46C48";//467E4, 46C48
;lara_as_climbright;"468B8";"46D1C";//468B8, 46D1C
;lara_as_climbrope;"17D9C";"17ED0";//17D9C, 17ED0
;lara_as_climbroped;"17E64";"17F98";//17E64, 17F98
;lara_as_climbstnc;"463F0";"46854";//463F0, 46854
;lara_as_compress;"1A35C";"1A490";//1A35C, 1A490
;lara_as_controlled;"1B0FC";"1B230";//1B0FC, 1B230
;lara_as_controlledl;"1B180";"1B2B4";//1B180, 1B2B4
;lara_as_crawl;"150F4";"15228";//150F4, 15228
;lara_as_crawlb;"154F0";"15624";//154F0, 15624
;lara_as_dash;"15A28";"15B5C";//15A28, 15B5C
;lara_as_dashdive;"15E1C";"15F50";//15E1C, 15F50
;lara_as_death;"19830";"19964";//19830, 19964
;lara_as_deathslide;"1B038";"1B16C";//1B038, 1B16C
;lara_as_dive;"4C854";"4CCB8";//4C854, 4CCB8
;lara_as_duck;"14688";"14738";//14688, 14738
;lara_as_duckl;"1448C";"1453C";//1448C, 1453C
;lara_as_duckr;"144E0";"14590";//144E0, 14590
;lara_as_extcornerl;"1A1F0";"1A324";//1A1F0, 1A324
;lara_as_extcornerr;"1A244";"1A378";//1A244, 1A378
;lara_as_fallback;"1A994";"1AAC8";//1A994, 1AAC8
;lara_as_fastback;"1959C";"196D0";//1959C, 196D0
;lara_as_fastdive;"1AE4C";"1AF80";//1AE4C, 1AF80
;lara_as_fastfall;"198BC";"199F0";//198BC, 199F0
;lara_as_fastturn;"1A5F8";"1A72C";//1A5F8, 1A72C
;lara_as_forwardjump;"18A34";"18B68";//18A34, 18B68
;lara_as_glide;"4C634";"4CA98";//4C634, 4CA98
;lara_as_gymnast;"1AEC8";"1AFFC";//1AEC8, 1AFFC
;lara_as_hang;"19A28";"19B5C";//19A28, 19B5C
;lara_as_hang2;"1630C";"16440";//1630C, 16440
;lara_as_hangleft;"19F48";"1A07C";//19F48, 1A07C
;lara_as_hangright;"19FEC";"1A120";//19FEC, 1A120
;lara_as_hangturnl;"16C40";"16D74";//16C40, 16D74
;lara_as_hangturnr;"16D64";"16E98";//16D64, 16E98
;lara_as_intcornerl;"1A298";"1A3CC";//1A298, 1A3CC
;lara_as_intcornerr;"1A2EC";"1A420";//1A2EC, 1A420
;lara_as_leftjump;"1A92C";"1AA60";//1A92C, 1AA60
;lara_as_monkey180;"16DB8";"16EEC";//16DB8, 16EEC
;lara_as_monkeyl;"16A0C";"16B40";//16A0C, 16B40
;lara_as_monkeyr;"16B24";"16C58";//16B24, 16C58
;lara_as_monkeyswing;"1670C";"16840";//1670C, 16840
;lara_as_null;"1A5DC";"1A710";//1A5DC, 1A710
;lara_as_parallelbars;"1D220";"1D3B4";//1D220, 1D3B4
;lara_as_pbleapoff;"1D244";"1D3D8";//1D244, 1D3D8
;lara_as_pickup;"1AB00";"1AC34";//1AB00, 1AC34
;lara_as_pickupflare;"1AB5C";"1AC90";//1AB5C, 1AC90
;lara_as_poleleft;"17020";"17154";//17020, 17154
;lara_as_poleright;"1707C";"171B0";//1707C, 171B0
;lara_as_ppready;"1AABC";"1ABF0";//1AABC, 1ABF0
;lara_as_pullblock;"1AA60";"1AB94";//1AA60, 1AB94
;lara_as_pulley;"1B288";"1B3BC";//1B288, 1B3BC
;lara_as_pushblock;"1AA04";"1AB38";//1AA04, 1AB38
;lara_as_reach;"18CE0";"18E14";//18CE0, 18E14
;lara_as_rightjump;"1A8C4";"1A9F8";//1A8C4, 1A9F8
;lara_as_rope;"17958";"17A8C";//17958, 17A8C
;lara_as_ropel;"17AB4";"17BE8";//17AB4, 17BE8
;lara_as_roper;"17B14";"17C48";//17B14, 17C48
;lara_as_run;"192EC";"19420";//192EC, 19420
;lara_as_slide;"1A824";"1A958";//1A824, 1A958
;lara_as_slideback;"1A9E0";"1AB14";//1A9E0, 1AB14
;lara_as_special;"1ADDC";"1AF10";//1ADDC, 1AF10
;lara_as_splat;"1A340";"1A474";//1A340, 1A474
;lara_as_stepleft;"1A750";"1A884";//1A750, 1A884
;lara_as_stepright;"1A67C";"1A7B0";//1A67C, 1A7B0
;lara_as_stop;"17E94";"17FC8";//17E94, 17FC8
;lara_as_surfback;"4D9A8";"4DE0C";//4D9A8, 4DE0C
;lara_as_surfleft;"4DA50";"4DEB4";//4DA50, 4DEB4
;lara_as_surfright;"4DAF8";"4DF5C";//4DAF8, 4DF5C
;lara_as_surfswim;"4D8E4";"4DD48";//4D8E4, 4DD48
;lara_as_surftread;"4DBA0";"4E004";//4DBA0, 4E004
;lara_as_swandive;"1AE08";"1AF3C";//1AE08, 1AF3C
;lara_as_swim;"4C548";"4C9AC";//4C548, 4C9AC
;lara_as_swimcheat;"4C3A8";"4C80C";//4C3A8, 4C80C
;lara_as_switchoff;"1AC54";"1AD88";//1AC54, 1AD88
;lara_as_switchon;"1ABEC";"1AD20";//1ABEC, 1AD20
;lara_as_tread;"4C730";"4CB94";//4C730, 4CB94
;lara_as_trfall;"1D03C";"1D1D0";//1D03C, 1D1D0
;lara_as_trpose;"1CDE8";"1CF7C";//1CDE8, 1CF7C
;lara_as_trwalk;"1CEDC";"1D070";//1CEDC, 1D070
;lara_as_turn_l;"1972C";"19860";//1972C, 19860
;lara_as_turn_r;"19628";"1975C";//19628, 1975C
;lara_as_upjump;"1851C";"18650";//1851C, 18650
;lara_as_usekey;"1ACBC";"1ADF0";//1ACBC, 1ADF0
;lara_as_usepuzzle;"1AD18";"1AE4C";//1AD18, 1AE4C
;lara_as_uwdeath;"4C884";"4CCE8";//4C884, 4CCE8
;lara_as_wade;"1AF10";"1B044";//1AF10, 1B044
;lara_as_walk;"191B8";"192EC";//191B8, 192EC
;lara_as_waterout;"1AEE4";"1B018";//1AEE4, 1B018
;lara_as_waterroll;"4C8F8";"4CD5C";//4C8F8, 4CD5C
;lara_col_all4s;"14B40";"14C74";//14B40, 14C74
;lara_col_all4turnlr;"153FC";"15530";//153FC, 15530
;lara_col_back;"1BE38";"1BF6C";//1BE38, 1BF6C
;lara_col_backjump;"1C130";"1C264";//1C130, 1C264
;lara_col_climbdown;"46BD0";"47034";//46BD0, 47034
;lara_col_climbend;"46E30";"47294";//46E30, 47294
;lara_col_climbing;"469B0";"46E14";//469B0, 46E14
;lara_col_climbleft;"46834";"46C98";//46834, 46C98
;lara_col_climbright;"46908";"46D6C";//46908, 46D6C
;lara_col_climbstnc;"464E8";"4694C";//464E8, 4694C
;lara_col_compress;"1BD30";"1BE64";//1BD30, 1BE64
;lara_col_crawl;"1523C";"15370";//1523C, 15370
;lara_col_crawl2hang;"15770";"158A4";//15770, 158A4
;lara_col_crawlb;"15614";"15748";//15614, 15748
;lara_col_dash;"15C50";"15D84";//15C50, 15D84
;lara_col_dashdive;"15E5C";"15F90";//15E5C, 15F90
;lara_col_death;"1BADC";"1BC10";//1BADC, 1BC10
;lara_col_dive;"4C960";"4CDC4";//4C960, 4CDC4
;lara_col_duck;"147C4";"148CC";//147C4, 148CC
;lara_col_ducklr;"14534";"145E4";//14534, 145E4
;lara_col_fallback;"1C1B4";"1C2E8";//1C1B4, 1C2E8
;lara_col_fastback;"1B89C";"1B9D0";//1B89C, 1B9D0
;lara_col_fastdive;"1C558";"1C68C";//1C558, 1C68C
;lara_col_fastfall;"1BB88";"1BCBC";//1BB88, 1BCBC
;lara_col_fastturn;"1A65C";"1A790";//1A65C, 1A790
;lara_col_forwardjump;"18B88";"18CBC";//18B88, 18CBC
;lara_col_glide;"4C920";"4CD84";//4C920, 4CD84
;lara_col_hang;"19AC8";"19BFC";//19AC8, 19BFC
;lara_col_hang2;"163DC";"16510";//163DC, 16510
;lara_col_hangleft;"19F94";"1A0C8";//19F94, 1A0C8
;lara_col_hangright;"1A038";"1A16C";//1A038, 1A16C
;lara_col_hangturnlr;"16C94";"16DC8";//16C94, 16DC8
;lara_col_jumper;"1C860";"1C994";//1C860, 1C994
;lara_col_land;"1BD10";"1BE44";//1BD10, 1BE44
;lara_col_leftjump;"1C188";"1C2BC";//1C188, 1C2BC
;lara_col_monkey180;"16DDC";"16F10";//16DDC, 16F10
;lara_col_monkeyl;"16A80";"16BB4";//16A80, 16BB4
;lara_col_monkeyr;"16B9C";"16CD0";//16B9C, 16CD0
;lara_col_monkeyswing;"16828";"1695C";//16828, 1695C
;lara_col_poledown;"171A0";"172D4";//171A0, 172D4
;lara_col_polestat;"16DFC";"16F30";//16DFC, 16F30
;lara_col_poleup;"170D8";"1720C";//170D8, 1720C
;lara_col_pose;"1B87C";"1B9B0";//1B87C, 1B9B0
;lara_col_reach;"18D0C";"18E40";//18D0C, 18E40
;lara_col_rightjump;"1C15C";"1C290";//1C15C, 1C290
;lara_col_roll;"1C2B0";"1C3E4";//1C2B0, 1C3E4
;lara_col_roll2;"1C384";"1C4B8";//1C384, 1C4B8
;lara_col_rope;"179A8";"17ADC";//179A8, 17ADC
;lara_col_ropefwd;"17B74";"17CA8";//17B74, 17CA8
;lara_col_run;"1B64C";"1B780";//1B64C, 1B780
;lara_col_slide;"1C108";"1C23C";//1C108, 1C23C
;lara_col_slideback;"1C284";"1C3B8";//1C284, 1C3B8
;lara_col_splat;"1BC74";"1BDA8";//1BC74, 1BDA8
;lara_col_stepleft;"1C0E8";"1C21C";//1C0E8, 1C21C
;lara_col_stepright;"1BFB0";"1C0E4";//1BFB0, 1C0E4
;lara_col_stop;"18444";"18578";//18444, 18578
;lara_col_surfback;"4DD38";"4E19C";//4DD38, 4E19C
;lara_col_surfleft;"4DD64";"4E1C8";//4DD64, 4E1C8
;lara_col_surfright;"4DD90";"4E1F4";//4DD90, 4E1F4
;lara_col_surfswim;"4DCE8";"4E14C";//4DCE8, 4E14C
;lara_col_surftread;"4DDBC";"4E220";//4DDBC, 4E220
;lara_col_swandive;"1C4A0";"1C5D4";//1C4A0, 1C5D4
;lara_col_swim;"4C900";"4CD64";//4C900, 4CD64
;lara_col_tread;"4C940";"4CDA4";//4C940, 4CDA4
;lara_col_turn_l;"1BABC";"1BBF0";//1BABC, 1BBF0
;lara_col_turn_r;"1B9C4";"1BAF8";//1B9C4, 1BAF8
;lara_col_turnswitch;"1B1B4";"1B2E8";//1B1B4, 1B2E8
;lara_col_upjump;"1853C";"18670";//1853C, 18670
;lara_col_uwdeath;"4C980";"4CDE4";//4C980, 4CDE4
;lara_col_wade;"1C61C";"1C750";//1C61C, 1C750
;lara_col_walk;"1B3E8";"1B51C";//1B3E8, 1B51C
;lara_col_waterroll;"4CA18";"4CE7C";//4CA18, 4CE7C
;lara_default_col;"1C80C";"1C940";//1C80C, 1C940
;lara_hands_free;"39A18";"39F18";//39A18, 39F18
;lara_slide_slope;"127BC";"1286C";//127BC, 1286C
;lara_void_func;"19928";"19A5C";//19928, 19A5C
;LaraAboveWater;"14228";"142D8";//14228, 142D8
;LaraBaddieCollision;"29A44";"29C58";//29A44, 29C58
;LaraBubbles;"8C008";"8E04C";//8C008, 8E04C
;LaraBurn;"5ACE4";"5B160";//5ACE4, 5B160
;LaraCeilingFront;"1189C";"1194C";//1189C, 1194C
;LaraCheat;"4A790";"4ABF4";//4A790, 4ABF4
;LaraCheckForLetGo;"45434";"45898";//45434, 45898
;LaraClimbLeftCornerTest;"45ABC";"45F20";//45ABC, 45F20
;LaraClimbRightCornerTest;"45DE4";"46248";//45DE4, 46248
;LaraCollideStop;"126F0";"127A0";//126F0, 127A0
;LaraControl;"4A838";"4AC9C";//4A838, 4AC9C
;LaraDeflectEdge;"11D18";"11DC8";//11D18, 11DC8
;LaraDeflectEdgeDuck;"11DC0";"11E70";//11DC0, 11E70
;LaraDeflectEdgeJump;"12904";"129B4";//12904, 129B4
;LaraDoClimbLeftRight;"46100";"46564";//46100, 46564
;LaraFallen;"11B6C";"11C1C";//11B6C, 11C1C
;LaraFloorFront;"117B0";"11860";//117B0, 11860
;LaraGetNewTarget;"47B28";"47F8C";//47B28, 47F8C
;LaraGun;"46F28";"4738C";//46F28, 4738C
;LaraHangLeftCornerTest;"13C24";"13CD4";//13C24, 13CD4
;LaraHangRightCornerTest;"13738";"137E8";//13738, 137E8
;LaraHangTest;"12F34";"12FE4";//12F34, 12FE4
;LaraHitCeiling;"11C94";"11D44";//11C94, 11D44
;LaraInitialiseMeshes;"4A684";"4AAE8";//4A684, 4AAE8
;LaraLandedBad;"11BD8";"11C88";//11BD8, 11C88
;LaraLocation;"396D0";"39BD0";//396D0, 39BD0
;LaraLocationPad;"39710";"39C10";//39710, 39C10
;LaraSlideEdgeJump;"12B18";"12BC8";//12B18, 12BC8
;LaraSurface;"4D684";"4DAE8";//4D684, 4DAE8
;LaraSurfaceCollision;"4D4F0";"4D954";//4D4F0, 4D954
;LaraSwimCollision;"4B608";"4BA6C";//4B608, 4BA6C
;LaraTargetInfo;"4789C";"47D00";//4789C, 47D00
;LaraTestClimb;"457F0";"45C54";//457F0, 45C54
;LaraTestClimbPos;"462F8";"4675C";//462F8, 4675C
;LaraTestClimbStance;"11F78";"12028";//11F78, 12028
;LaraTestClimbUpPos;"45530";"45994";//45530, 45994
;LaraTestEdgeCatch;"11E60";"11F10";//11E60, 11F10
;LaraTestHangOnClimbWall;"12C54";"12D04";//12C54, 12D04
;LaraTestWaterClimbOut;"4D22C";"4D690";//4D22C, 4D690
;LaraTestWaterDepth;"4B4F8";"4B95C";//4B4F8, 4B95C
;LaraTestWaterStepOut;"4D100";"4D564";//4D100, 4D564
;LaraTorch;"2960C";"29820";//2960C, 29820
;LaraUnderWater;"4BFB4";"4C418";//4BFB4, 4C418
;LaraWaterCurrent;"4CD34";"4D198";//4CD34, 4D198
;LavaBurn;"5AD78";"5B1F4";//5AD78, 5B1F4
;lineme;"76454";"78498";//76454, 78498
;Load_and_Init_Cutseq;"2D7D0";"2DAB8";//2D7D0, 2DAB8
;LOAD_DrawEnable;"5F2C8";"5FFA8";//5F2C8, 5FFA8
;load_matrix;"836B8";"856FC";//836B8, 856FC
;LOAD_Start;"602AC";"60DEC";//602AC, 60DEC
;LOAD_Stop;"60434";"60FB4";//60434, 60FB4
;LOAD_VSyncHandler;"5F074";"5FD54";//5F074, 5FD54
;LoadGame;"6297C";"63060";//6297C, 63060
;LoadGameflow;"102E0";"102B0";//102E0, 102B0
;LoadImage;"6597C";"6B1C4";//6597C, 6B1C4
;local_GetRandomControl;"88120";"8A164";//88120, 8A164
;local_GetRandomDraw;"906B4";"926F8";//906B4, 926F8
;local_mRotX;"8A72C";"8C770";//8A72C, 8C770
;local_mRotY;"7A6FC";"7C740";//7A6FC, 7C740
;local_mRotY_D2;"8A674";"8C6B8";//8A674, 8C6B8
;local_mTranslateAbsXYZ;"8A54C";"8C590";//8A54C, 8C590
;LookCamera;"26D9C";"26FAC";//26D9C, 26FAC
;LookLeftRight;"1CB80";"1CD14";//1CB80, 1CD14
;LookUpDown;"1C9D8";"1CB6C";//1C9D8, 1CB6C
;LOS;"79460";"7B4A4";//79460, 7B4A4
;lseek;"724E0";"6F1C0";//724E0, 6F1C0
;main;"10064";"10064";//10064, 10064
;MakeMono;"7F9E4";"81A28";//7F9E4, 81A28
;mcClose;"620AC";"62790";//620AC, 62790
;mcDir;"61EE8";"625CC";//61EE8, 625CC
;mcFormat;"622D8";"629BC";//622D8, 629BC
;mcGetStatus;"620CC";"627B0";//620CC, 627B0
;mClipBoundingBox;"76B14";"78B58";//76B14, 78B58
;mClipBoundingBox_D2;"811FC";"83240";//811FC, 83240
;mcOpen;"6204C";"62730";//6204C, 62730
;mCopyMatrix;"769E4";"78A28";//769E4, 78A28
;McrdGetGlobalStructure;"6A2A4";"6DD70";//6A2A4, 6DD70
;MDEC_rest;"*";"6D5C8";//*, 6D5C8
;MemCardAccept;"6A6E4";"6E1B0";//6A6E4, 6E1B0
;MemCardCallback;"6B2E8";"6EDB4";//6B2E8, 6EDB4
;MemCardClose;"6AB7C";"6E648";//6AB7C, 6E648
;MemCardCreateFile;"6B418";"6EEE4";//6B418, 6EEE4
;MemCardDeleteFile;"6C000";"70790";//6C000, 70790
;MemCardExist;"6A360";"6DE2C";//6A360, 6DE2C
;MemCardFormat;"6B514";"6EFE0";//6B514, 6EFE0
;MemCardGetDirentry;"6B08C";"6EB58";//6B08C, 6EB58
;MemCardInit;"67B5C";"6D998";//67B5C, 6D998
;MemCardOpen;"6A9F4";"6E4C0";//6A9F4, 6E4C0
;MemCardReadData;"6ABC0";"6E68C";//6ABC0, 6E68C
;MemCardStart;"6A2B0";"6DD7C";//6A2B0, 6DD7C
;MemCardStop;"6A320";"6DDEC";//6A320, 6DDEC
;MemCardSync;"6B2FC";"6EDC8";//6B2FC, 6EDC8
;MemCardWriteData;"6AE28";"6E8F4";//6AE28, 6E8F4
;memset;"67AA8";"6D2F0";//67AA8, 6D2F0
;MGDrawSprite;"64EF8";"655A8";//64EF8, 655A8
;mGetAngle;"77678";"796BC";//77678, 796BC
;mgLOS;"28B5C";"28D70";//28B5C, 28D70
;mLoadMatrix;"7699C";"789E0";//7699C, 789E0
;mLoadMatrix_D2;"81C18";"83C5C";//81C18, 83C5C
;mLoadMatrix_D3;"84FB8";"86FFC";//84FB8, 86FFC
;mmPopMatrix;"81C0C";"83C50";//81C0C, 83C50
;mmPushMatrix;"81BBC";"83C00";//81BBC, 83C00
;mNormalise;"775A0";"795E4";//775A0, 795E4
;mNormaliseXYZ;"775CC";"79610";//775CC, 79610
;mNormaliseXYZ_D2;"86500";"88544";//86500, 88544
;MonitorScreenCollision;"53428";"5388C";//53428, 5388C
;monk2_control;"324E4";"3297C";//324E4, 3297C
;monk2_end;"325F4";"32A8C";//325F4, 32A8C
;monk2_init;"324D4";"3296C";//324D4, 3296C
;MonkeySwingFall;"16004";"16138";//16004, 16138
;MonkeySwingSnap;"1605C";"16190";//1605C, 16190
;Move3DPosTo3DPos;"7ADFC";"7CE40";//7ADFC, 7CE40
;MoveCamera;"25B68";"25D74";//25B68, 25D74
;MoveCreature3DPos;"2579C";"259A8";//2579C, 259A8
;MoveImage;"659EC";"6B234";//659EC, 6B234
;MoveLaraPosition;"7AC70";"7CCB4";//7AC70, 7CCB4
;mPopMatrix;"76520";"78564";//76520, 78564
;mPushMatrix;"764D0";"78514";//764D0, 78514
;mPushUnitMatrix;"76534";"78578";//76534, 78578
;mQuickW2VMatrix;"77AEC";"79B30";//77AEC, 79B30
;mRotBoundingBoxNoPersp;"77C20";"79C64";//77C20, 79C64
;mRotSuperPackedYXZ;"768BC";"78900";//768BC, 78900
;mRotSuperPackedYXZ_D2;"819FC";"83A40";//819FC, 83A40
;mRotSuperPackedYXZ_D3;"83A80";"85AC4";//83A80, 85AC4
;mRotSuperPackedYXZ_D4;"84C40";"86C84";//84C40, 86C84
;mRotX;"7669C";"786E0";//7669C, 786E0
;mRotX_D2;"817B0";"837F4";//817B0, 837F4
;mRotX_D3;"83848";"8588C";//83848, 8588C
;mRotX_D4;"84CEC";"86D30";//84CEC, 86D30
;mRotY;"76744";"78788";//76744, 78788
;mRotY_D2;"81858";"8389C";//81858, 8389C
;mRotY_D3;"838F0";"85934";//838F0, 85934
;mRotY_D4;"84D8C";"86DD0";//84D8C, 86DD0
;mRotYXZ;"767E8";"7882C";//767E8, 7882C
;mRotYXZ_D2;"818FC";"83940";//818FC, 83940
;mRotYXZ_D3;"83994";"859D8";//83994, 859D8
;mRotYXZ_D4;"84E28";"86E6C";//84E28, 86E6C
;mRotZ;"76804";"78848";//76804, 78848
;mRotZ_D2;"81918";"8395C";//81918, 8395C
;mSetTrans;"76AF4";"78B38";//76AF4, 78B38
;mSqrt_D2;"8649C";"884E0";//8649C, 884E0
;mTranslate;"76558";"7859C";//76558, 7859C
;mTranslateAbsXYZ;"76568";"785AC";//76568, 785AC
;mTranslateAbsXYZ_D2;"81A8C";"83AD0";//81A8C, 83AD0
;mTranslateAbsXYZ_D3;"84B08";"86B4C";//84B08, 86B4C
;mTranslateXYZ;"7658C";"785D0";//7658C, 785D0
;mTranslateXYZ_D2;"81AB0";"83AF4";//81AB0, 83AF4
;mTranslateXYZ_D3;"83744";"85788";//83744, 85788
;mTranslateXYZ_D4;"84B3C";"86B80";//84B3C, 86B80
;mTransposeMatrixGTE;"7BDFC";"7DE40";//7BDFC, 7DE40
;MULFP;"7AB1C";"7CB60";//7AB1C, 7CB60
;MyAddPrim;"75D6C";"77DB0";//75D6C, 77DB0
;NailInvItem;"40584";"409D8";//40584, 409D8
;NeatAndTidyTriggerCutscene;"20E6C";"21078";//20E6C, 21078
;new_CDlseek;"*";"5E54C";//*, 5E54C
;new_CDopen;"*";"5E3C0";//*, 5E3C0
;newsub_560A0;"*";"560A0";//*, 560A0
;newsub_5E564;"*";"5E564";//*, 5E564
;newsub_5E708;"*";"5E708";//*, 5E708
;newsub_5E7A0;"*";"5E7A0";//*, 5E7A0
;newsub_5EBE0;"*";"5EBE0";//*, 5EBE0
;newsub_5EC3C;"*";"5EC3C";//*, 5EC3C
;newsub_5ECB4;"*";"5ECB4";//*, 5ECB4
;newsub_5EDEC;"*";"5EDEC";//*, 5EDEC
;newsub_5EDFC;"*";"5EDFC";//*, 5EDFC
;newsub_5EE80;"*";"5EE80";//*, 5EE80
;newsub_5EF84;"*";"5EF84";//*, 5EF84
;newsub_5F018;"*";"5F018";//*, 5F018
;newsub_5F060;"*";"5F060";//*, 5F060
;newsub_5F160;"*";"5F160";//*, 5F160
;newsub_60308;"*";"60308";//*, 60308
;newsub_62190;"*";"62190";//*, 62190
;newsub_656F0;"*";"656F0";//*, 656F0
;newsub_6573C;"*";"6573C";//*, 6573C
;newsub_6587C;"*";"6587C";//*, 6587C
;newsub_659F8;"*";"659F8";//*, 659F8
;newsub_660E0;"*";"660E0";//*, 660E0
;newsub_66C60;"*";"66C60";//*, 66C60
;newsub_66CE4;"*";"66CE4";//*, 66CE4
;newsub_66D10;"*";"66D10";//*, 66D10
;newsub_66D70;"*";"66D70";//*, 66D70
;newsub_66DF0;"*";"66DF0";//*, 66DF0
;newsub_66E7C;"*";"66E7C";//*, 66E7C
;newsub_66EE0;"*";"66EE0";//*, 66EE0
;newsub_66F70;"*";"66F70";//*, 66F70
;newsub_67020;"*";"67020";//*, 67020
;newsub_67060;"*";"67060";//*, 67060
;newsub_67120;"*";"67120";//*, 67120
;newsub_67140;"*";"67140";//*, 67140
;newsub_67A5C;"*";"67A5C";//*, 67A5C
;newsub_67A88;"*";"67A88";//*, 67A88
;newsub_67C30;"*";"67C30";//*, 67C30
;newsub_6A1AC;"*";"6A1AC";//*, 6A1AC
;newsub_6A1CC;"*";"6A1CC";//*, 6A1CC
;newsub_6D4D4;"*";"6D4D4";//*, 6D4D4
;newsub_6D508;"*";"6D508";//*, 6D508
;newsub_6D584;"*";"6D584";//*, 6D584
;newsub_6D5A4;"*";"6D5A4";//*, 6D5A4
;newsub_6D6B8;"*";"6D6B8";//*, 6D6B8
;newsub_6D748;"*";"6D748";//*, 6D748
;newsub_6D7D4;"*";"6D7D4";//*, 6D7D4
;newsub_6D868;"*";"6D868";//*, 6D868
;newsub_6D8FC;"*";"6D8FC";//*, 6D8FC
;newsub_6D914;"*";"6D914";//*, 6D914
;newsub_7687C;"*";"7687C";//*, 7687C
;newsub_76950;"*";"76950";//*, 76950
;nextfile;"727B0";"6F200";//727B0, 6F200
;Normalise_ASM;"7AB4C";"7CB90";//7AB4C, 7CB90
;ObjectCollision;"7C128";"7E16C";//7C128, 7E16C
;ObjectOnLOS2;"79D24";"7BD68";//79D24, 7BD68
;OnTwoBlockPlatform;"5BB80";"5BFFC";//5BB80, 5BFFC
;open;"724C0";"6F1B0";//724C0, 6F1B0
;OpenEvent;"6A224";"6FCB0";//6A224, 6FCB0
;OpenThatDoor;"2AB8C";"2AEB4";//2AB8C, 2AEB4
;OpenTrapDoor;"58A1C";"58EBC";//58A1C, 58EBC
;OptimiseOTagR;"86CC4";"88D08";//86CC4, 88D08
;PadGetState;"69E98";"739CC";//69E98, 739CC
;PadInfoMode;"69D98";"73A9C";//69D98, 73A9C
;PadInitDirect;"65688";"73C68";//65688, 73C68
;PadSetAct;"67E64";"7381C";//67E64, 7381C
;PadSetActAlign;"69F68";"7385C";//69F68, 7385C
;PadStartCom;"67D34";"73B9C";//67D34, 73B9C
;ParallelBarsCollision;"4FEC4";"50328";//4FEC4, 50328
;PCclose;"68B04";"*";//68B04, *
;PCclose0;"78660";"7A6A4";//78660, 7A6A4
;PCcreat;"6BC78";"*";//6BC78, *
;PCcreat0;"786E0";"7A724";//786E0, 7A724
;PClseek;"68AE0";"765F8";//68AE0, 765F8
;PClseek0;"78530";"7A574";//78530, 7A574
;PCopen;"68AC0";"*";//68AC0, *
;PCopen0;"784F4";"7A538";//784F4, 7A538
;PCread;"6BB00";"767C0";//6BB00, 767C0
;PCread0;"785A8";"7A5EC";//785A8, 7A5EC
;PCwrite;"6BBBC";"76894";//6BBBC, 76894
;PCwrite0;"786A4";"7A6E8";//786A4, 7A6E8
;phd_atan_asm;"77A40";"79A84";//77A40, 79A84
;phd_GenerateW2V;"77784";"797C8";//77784, 797C8
;phd_GetVectorAngles;"77928";"7996C";//77928, 7996C
;phd_InitWindow;"5D74C";"5DBC8";//5D74C, 5DBC8
;phd_LookAt;"77728";"7976C";//77728, 7976C
;phd_PutPolygons;"7EEC4";"80F08";//7EEC4, 80F08
;phd_PutPolygons_pickup;"804E8";"8252C";//804E8, 8252C
;phd_PutPolygons_seethrough;"7FAD4";"81B18";//7FAD4, 81B18
;phd_PutPolygons_train;"808A4";"828E8";//808A4, 828E8
;phd_sqrt_asm;"779DC";"79A20";//779DC, 79A20
;phd_sqrt_asm_D2;"83B30";"85B74";//83B30, 85B74
;PickUpCollision;"516C8";"51B2C";//516C8, 51B2C
;PickupTrigger;"52CC0";"53124";//52CC0, 53124
;PistolHandler;"449E4";"44E48";//449E4, 44E48
;PoleCollision;"4F69C";"4FB00";//4F69C, 4FB00
;PoseidonSFX;"395E0";"39AE0";//395E0, 39AE0
;print_all_object_NOW;"8F474";"914B8";//8F474, 914B8
;PrintAllOtherObjects_ASM;"8F500";"91544";//8F500, 91544
;printf;"68A54";"66074";//68A54, 66074
;PrintGauge;"5F040";"5FD20";//5F040, 5FD20
;PrintString;"8DB4C";"8FB90";//8DB4C, 8FB90
;ProcessClosedDoors;"2BDE8";"2C110";//2BDE8, 2C110
;ProcessExplodingSwitchType8;"58958";"58DF8";//58958, 58DF8
;ProfileAddDrawOT;"61D1C";"*";//61D1C, *
;ProfileAddOT;"61A90";"*";//61A90, *
;ProfileCallBack;"6194C";"*";//6194C, *
;ProfileInit;"61978";"*";//61978, *
;ProfileReadCount;"61A48";"*";//61A48, *
;ProfileRGB;"61C94";"*";//61C94, *
;ProfileStartCount;"61A0C";"*";//61A0C, *
;PullCallbackFunc;"6A27C";"6DD48";//6A27C, 6DD48
;PulleyCollision;"56C98";"57138";//56C98, 57138
;PushCallbackFunc;"6A254";"6DD20";//6A254, 6DD20
;PushPullKickDoorCollision;"2B5A0";"2B8C8";//2B5A0, 2B8C8
;PushPullKickDoorControl;"2B508";"2B830";//2B508, 2B830
;PutDispEnv;"65BF8";"6B440";//65BF8, 6B440
;PutDrawEnv;"65AC8";"6B310";//65AC8, 6B310
;puts;"68A60";"66080";//68A60, 66080
;PuzzleDone;"51004";"51468";//51004, 51468
;PuzzleDoneCollision;"524C8";"5292C";//524C8, 5292C
;PuzzleHoleCollision;"52520";"52984";//52520, 52984
;quick_GetRandomControl;"8AC0C";"8CC50";//8AC0C, 8CC50
;QuickControlPhase;"10274";"10264";//10274, 10264
;RailSwitchCollision;"576F4";"57B94";//576F4, 57B94
;RayBoxIntersect;"7A7B8";"7C7FC";//7A7B8, 7C7FC
;read;"724F0";"6F1D0";//724F0, 6F1D0
;ReadInitPadFlag;"73C08";"6DAB0";//73C08, 6DAB0
;ReadSG;"536E0";"53B44";//536E0, 53B44
;ready_flare;"4A3E4";"4A848";//4A3E4, 4A848
;ready_pistols;"44804";"44C68";//44804, 44C68
;ready_shotgun;"424E0";"42934";//424E0, 42934
;RefreshCamera;"1E7FC";"1EA10";//1E7FC, 1EA10
;RegeneratePickups;"515AC";"51A10";//515AC, 51A10
;ReloadAnims;"600E4";"60D20";//600E4, 60D20
;RelocateModule;"5E6D4";"5F430";//5E6D4, 5F430
;remove_inventory_item;"4097C";"40DD0";//4097C, 40DD0
;RemoveActiveItem;"41E98";"422EC";//41E98, 422EC
;RemoveDrawnItem;"41F48";"4239C";//41F48, 4239C
;RemoveRoomFlipItems;"1F938";"1FB4C";//1F938, 1FB4C
;Requester;"63718";"63DF4";//63718, 63DF4
;reset_hair;"39A84";"39F84";//39A84, 39F84
;ResetCallback;"65040";"6A42C";//65040, 6A42C
;ResetCutanimate;"32A80";"32F18";//32A80, 32F18
;ResetEntryInt;"6C730";"6AAA4";//6C730, 6AAA4
;ResetGraph;"65738";"6AF94";//65738, 6AF94
;ResetGuards;"20B48";"20D54";//20B48, 20D54
;ResetLook;"1C920";"1CA54";//1C920, 1CA54
;ResetRCnt;"6A1DC";"*";//6A1DC, *
;ResetTest;"39738";"39C38";//39738, 39C38
;RestoreLaraData;"538D0";"53D34";//538D0, 53D34
;RestoreLevelData;"54B08";"54F6C";//54B08, 54F6C
;ReturnFromException;"6C700";"6AA94";//6C700, 6AA94
;richcut1_control;"2E3D8";"2E668";//2E3D8, 2E668
;richcut1_end;"2E3A0";"2E630";//2E3A0, 2E630
;richcut1_init;"2E26C";"2E4FC";//2E26C, 2E4FC
;richcut2_control;"2E4EC";"2E77C";//2E4EC, 2E77C
;richcut2_end;"2E4D8";"2E768";//2E4D8, 2E768
;richcut2_init;"2E4C0";"2E750";//2E4C0, 2E750
;richcut3_control;"2E594";"2E8A0";//2E594, 2E8A0
;richcut3_end;"2E54C";"2E858";//2E54C, 2E858
;richcut3_init;"2E514";"2E820";//2E514, 2E820
;richcut4_control;"30478";"307F8";//30478, 307F8
;richcut4_end;"30560";"308E0";//30560, 308E0
;richcut4_init;"303E0";"30760";//303E0, 30760
;Richochet;"8B61C";"8D660";//8B61C, 8D660
;RifleHandler;"42558";"429AC";//42558, 429AC
;RollingBallCollision;"5B750";"5BBCC";//5B750, 5BBCC
;RubbleFX;"39534";"39A34";//39534, 39A34
;S_AnimateTextures;"5EA50";"5F730";//5EA50, 5F730
;S_CalculateLight;"85C68";"87CAC";//85C68, 87CAC
;S_CalculateStaticMeshLight;"8669C";"886E0";//8669C, 886E0
;S_CallInventory2;"3B7A8";"3BC04";//3B7A8, 3BC04
;S_CDPause;"5DD14";"5E190";//5DD14, 5E190
;S_CDPlay;"5DC10";"5E08C";//5DC10, 5E08C
;S_CDRestart;"5DD40";"5E1BC";//5DD40, 5E1BC
;S_CDStop;"5DCD0";"5E14C";//5DCD0, 5E14C
;S_control_screen_position;"6068C";"61204";//6068C, 61204
;S_Death;"61658";"622C8";//61658, 622C8
;S_DrawDarts;"62320";"62A04";//62320, 62A04
;S_DrawFootPrints;"82A04";"84A48";//82A04, 84A48
;S_DrawGouraudBar;"86FD8";"8901C";//86FD8, 8901C
;S_DrawPickup;"41608";"41A5C";//41608, 41A5C
;S_DrawSparks;"8FF8C";"91FD0";//8FF8C, 91FD0
;S_DumpScreen;"607A8";"61320";//607A8, 61320
;S_ExitSystem;"607C8";"*";//607C8, *
;S_LoadLevelFile;"60188";"60D54";//60188, 60D54
;S_LongMemCpy;"5E964";"5F644";//5E964, 5F644
;S_MemCpy;"5E9CC";"5F6AC";//5E9CC, 5F6AC
;S_MemSet;"5E8E8";"5F5C8";//5E8E8, 5F5C8
;S_PrintNiceShadow;"868B8";"888FC";//868B8, 888FC
;S_PrintShadow;"86CBC";"88D00";//86CBC, 88D00
;S_SetReverbType;"91CF4";"93D40";//91CF4, 93D40
;S_SetupClutAdder;"85C5C";"87CA0";//85C5C, 87CA0
;S_SoundPlaySample;"914A8";"934EC";//914A8, 934EC
;S_SoundPlaySampleLooped;"91480";"934C4";//91480, 934C4
;S_SoundSampleIsPlaying;"916F8";"9373C";//916F8, 9373C
;S_SoundSetPanAndVolume;"914E4";"93528";//914E4, 93528
;S_SoundSetPitch;"91768";"937AC";//91768, 937AC
;S_SoundStopAllSamples;"91D34";"93D80";//91D34, 93D80
;S_SoundStopSample;"91690";"936D4";//91690, 936D4
;S_StartSyncedAudio;"5DD78";"5E1F4";//5DD78, 5E1F4
;S_UpdateInput;"5F628";"6038C";//5F628, 6038C
;SameZone;"255F8";"25804";//255F8, 25804
;save_matrix;"83700";"85744";//83700, 85744
;SaveGame;"62E3C";"63520";//62E3C, 63520
;SaveLaraData;"53738";"53B9C";//53738, 53B9C
;SaveLevelData;"53AAC";"53F10";//53AAC, 53F10
;SayNo;"55BE0";"56044";//55BE0, 56044
;ScaleCurrentMatrix;"77D48";"79D8C";//77D48, 79D8C
;ScreenShake;"29954";"29B68";//29954, 29B68
;SearchLOT;"21DDC";"21FE8";//21DDC, 21FE8
;SearchObjectCollision;"53080";"534E4";//53080, 534E4
;SearchObjectControl;"52D54";"531B8";//52D54, 531B8
;SeedRandomControl;"5EA40";"5F720";//5EA40, 5F720
;SeedRandomDraw;"5EA48";"5F728";//5EA48, 5F728
;seperate_object;"3F424";"3F878";//3F424, 3F878
;SequenceDoorControl;"2BC28";"2BF50";//2BC28, 2BF50
;set_alarm;"67920";"6D168";//67920, 6D168
;set_arm_info;"44308";"4476C";//44308, 4476C
;set_flare_arm;"49ED4";"4A338";//49ED4, 4A338
;SetCornerAnim;"1A090";"1A1C4";//1A090, 1A1C4
;SetCutNotPlayed;"20DEC";"20FF8";//20DEC, 20FF8
;SetCutPlayed;"20DA0";"20FAC";//20DA0, 20FAC
;SetDefDispEnv;"68408";"6AF3C";//68408, 6AF3C
;SetDefDrawEnv;"68350";"6AE84";//68350, 6AE84
;SetDispMask;"65898";"6B0E0";//65898, 6B0E0
;SetDrawEnv;"66040";"6B888";//66040, 6B888
;SetDrawEnv2;"66254";"6BA9C";//66254, 6BA9C
;SetFadeClip;"34A8C";"34F8C";//34A8C, 34F8C
;SetFog;"39A44";"39F44";//39A44, 39F44
;SetGeomOffset;"68B14";"6D3B4";//68B14, 6D3B4
;SetGeomScreen;"68B34";"6D3D4";//68B34, 6D3D4
;SetGraphDebug;"6585C";"6B0B8";//6585C, 6B0B8
;SetGunFlash;"8D938";"8F97C";//8D938, 8F97C
;SetIntrMask;"65144";"6A530";//65144, 6A530
;SetInventoryLighting;"8F1FC";"91240";//8F1FC, 91240
;setjmp;"68AA8";"660C8";//68AA8, 660C8
;SetLaraUnderwaterNodes;"8596C";"879B0";//8596C, 879B0
;SetRCnt;"6A0D8";"*";//6A0D8, *
;SetScreenFadeIn;"34B48";"35048";//34B48, 35048
;SetScreenFadeOut;"34B14";"35014";//34B14, 35014
;SetSp;"68340";"65C64";//68340, 65C64
;setup_ammo_selector;"3E9F8";"3EE4C";//3E9F8, 3EE4C
;setup_objectlist_startposition;"3F8F0";"3FD44";//3F8F0, 3FD44
;setup_objectlist_startposition2;"3F938";"3FD8C";//3F938, 3FD8C
;setup_preist_meshswap;"2F694";"2FA14";//2F694, 2FA14
;setup_rotation_matrix;"85814";"87858";//85814, 87858
;SetUpLensFlare;"35378";"35878";//35378, 35878
;SetupPadVibration;"604A4";"6101C";//604A4, 6101C
;SetupRipple;"8B988";"8D9CC";//8B988, 8D9CC
;SetupSplash;"8BA20";"8DA64";//8BA20, 8DA64
;sgRestoreGame;"55B88";"55FEC";//55B88, 55FEC
;sgSaveGame;"55AF8";"55F5C";//55AF8, 55F5C
;ShatterObject;"36A3C";"36F3C";//36A3C, 36F3C
;ShiftItem;"7BEEC";"7DF30";//7BEEC, 7DF30
;shoot_left_gun;"39A34";"39F34";//39A34, 39F34
;shoot_right_gun;"39A24";"39F24";//39A24, 39F24
;ShotLara;"50C74";"510D8";//50C74, 510D8
;show_game_malloc_totals;"5E894";"*";//5E894, *
;ShutThatDoor;"2AA88";"2ADB0";//2AA88, 2ADB0
;SkyClipXY;"7E224";"80268";//7E224, 80268
;SmashObject;"4EDB0";"4F214";//4EDB0, 4F214
;SmashObjectControl;"4EEF8";"4F35C";//4EEF8, 4F35C
;snaff_current_gte_matrix_V1;"84F34";"86F78";//84F34, 86F78
;snaff_sphere_normal;"83670";"856B4";//83670, 856B4
;snaff_sphere_special;"8368C";"856D0";//8368C, 856D0
;SnapLaraToEdgeOfBlock;"12E54";"12F04";//12E54, 12F04
;SortOutWreckingBallDraw;"64E78";"65528";//64E78, 65528
;SOUND_EndScene;"91D80";"93DCC";//91D80, 93DCC
;SOUND_Init;"920DC";"94128";//920DC, 94128
;SOUND_Stop;"920A4";"940F0";//920A4, 940F0
;SoundEffect;"91780";"937C4";//91780, 937C4
;SoundEffects;"39190";"39690";//39190, 39690
;SoundFlipEffect;"39500";"39A00";//39500, 39A00
;special1_control;"2E614";"2E920";//2E614, 2E920
;special1_end;"2E644";"2E950";//2E644, 2E950
;special1_init;"2E5E4";"2E8F0";//2E5E4, 2E8F0
;special2_control;"2E6A4";"2E9B0";//2E6A4, 2E9B0
;special2_end;"2E6D4";"2E9E0";//2E6D4, 2E9E0
;special2_init;"2E674";"2E980";//2E674, 2E980
;special3_control;"2E734";"2EA40";//2E734, 2EA40
;special3_end;"2E764";"2EA70";//2E764, 2EA70
;special3_init;"2E704";"2EA10";//2E704, 2EA10
;special4_control;"2E7C4";"2EAD0";//2E7C4, 2EAD0
;special4_end;"2E7F4";"2EB00";//2E7F4, 2EB00
;special4_init;"2E794";"2EAA0";//2E794, 2EAA0
;spinback;"3F094";"3F4E8";//3F094, 3F4E8
;Splash;"8BAC4";"8DB08";//8BAC4, 8DB08
;Spline;"37554";"37A54";//37554, 37A54
;sprintf;"68654";"65C74";//68654, 65C74
;SPU_AllocChannel;"915B0";"935F4";//915B0, 935F4
;SPU_FreeChannel;"91668";"936AC";//91668, 936AC
;SPU_FreeSamples;"62610";"62CF4";//62610, 62CF4
;SPU_Init;"62650";"62D34";//62650, 62D34
;SPU_UpdateStatus;"915FC";"93640";//915FC, 93640
;SpuClearReverbWorkArea;"739F8";"71CD4";//739F8, 71CD4
;SpuFree;"6B7B0";"70D94";//6B7B0, 70D94
;SpuGetAllKeysStatus;"6BEE8";"7304C";//6BEE8, 7304C
;SpuGetKeyStatus;"6BF70";"70AB0";//6BF70, 70AB0
;SpuInit;"6B918";"70B40";//6B918, 70B40
;SpuInitMalloc;"6B6E4";"70E10";//6B6E4, 70E10
;SpuIsTransferCompleted;"6828C";"70CE0";//6828C, 70CE0
;SpuMalloc;"67FBC";"71164";//67FBC, 71164
;SpuSetCommonAttr;"68B74";"71414";//68B74, 71414
;SpuSetCommonMasterVolume;"6B790";"71778";//6B790, 71778
;SpuSetKey;"6BD0C";"71798";//6BD0C, 71798
;SpuSetKeyOnWithAttr;"6BEB4";"71940";//6BEB4, 71940
;SpuSetReverb;"6B850";"71974";//6B850, 71974
;SpuSetReverbModeDepth;"6B768";"71AE4";//6B768, 71AE4
;SpuSetReverbModeType;"6B938";"71B0C";//6B938, 71B0C
;SpuSetReverbVoice;"6B82C";"72348";//6B82C, 72348
;SpuSetTransferMode;"6B738";"7256C";//6B738, 7256C
;SpuSetTransferStartAddr;"67B8C";"7259C";//67B8C, 7259C
;SpuSetVoiceAttr;"73BC0";"725F4";//73BC0, 725F4
;SpuSetVoicePitch;"6BC98";"7261C";//6BC98, 7261C
;SpuSetVoiceVolume;"6BCCC";"72650";//6BCCC, 72650
;SpuStart;"71474";"70C50";//71474, 70C50
;SpuWrite;"67E00";"72690";//67E00, 72690
;StalkBox;"216AC";"218B8";//216AC, 218B8
;StartCARD;"6F18C";"6DA68";//6F18C, 6DA68
;StartCARD2;"73E48";"6DAF0";//73E48, 6DAF0
;startIntrDMA;"6C440";"6ABE4";//6C440, 6ABE4
;startIntrVSync;"6C320";"6AAC4";//6C320, 6AAC4
;StartRCnt;"6A1AC";"*";//6A1AC, *
;stash_the_info;"81750";"83794";//81750, 83794
;stealth3_end;"2E99C";"2ECA8";//2E99C, 2ECA8
;stealth3_start;"2E824";"2EB30";//2E824, 2EB30
;StopSoundEffect;"91FF8";"94044";//91FF8, 94044
;StoreImage;"659B4";"6B1FC";//659B4, 6B1FC
;strcat;"68A6C";"6608C";//68A6C, 6608C
;strcmp;"68A9C";"660BC";//68A9C, 660BC
;strcpy;"68A78";"66098";//68A78, 66098
;strlen;"68978";"65F98";//68978, 65F98
;strncmp;"68A84";"660A4";//68A84, 660A4
;strncpy;"68A90";"660B0";//68A90, 660B0
;sub_5EC54;"5EC54";"*";//5EC54, *
;sub_5F334;"5F334";"*";//5F334, *
;sub_6515C;"6515C";"*";//6515C, *
;sub_65234;"65234";"*";//65234, *
;sub_65404;"65404";"*";//65404, *
;sub_6554C;"6554C";"*";//6554C, *
;sub_655EC;"655EC";"*";//655EC, *
;sub_65664;"65664";"*";//65664, *
;sub_67C74;"67C74";"*";//67C74, *
;sub_67CB0;"67CB0";"*";//67CB0, *
;sub_67CD8;"67CD8";"*";//67CD8, *
;sub_67D00;"67D00";"*";//67D00, *
;sub_685BC;"685BC";"*";//685BC, *
;sub_691B0;"691B0";"*";//691B0, *
;sub_691D0;"691D0";"*";//691D0, *
;sub_69494;"69494";"*";//69494, *
;sub_69538;"69538";"*";//69538, *
;sub_697D4;"697D4";"*";//697D4, *
;sub_69FE4;"69FE4";"*";//69FE4, *
;sub_6A00C;"6A00C";"*";//6A00C, *
;sub_6A3C8;"6A3C8";"*";//6A3C8, *
;sub_6A74C;"6A74C";"*";//6A74C, *
;sub_6AC78;"6AC78";"*";//6AC78, *
;sub_6AEE0;"6AEE0";"*";//6AEE0, *
;sub_6B588;"6B588";"*";//6B588, *
;sub_6B5DC;"6B5DC";"*";//6B5DC, *
;sub_6B688;"6B688";"*";//6B688, *
;sub_6C378;"6C378";"*";//6C378, *
;sub_6C3E4;"6C3E4";"*";//6C3E4, *
;sub_6C410;"6C410";"*";//6C410, *
;sub_6C48C;"6C48C";"*";//6C48C, *
;sub_6C60C;"6C60C";"*";//6C60C, *
;sub_6C6B8;"6C6B8";"*";//6C6B8, *
;sub_6CC6C;"6CC6C";"*";//6CC6C, *
;sub_6D6C4;"6D6C4";"*";//6D6C4, *
;sub_6D76C;"6D76C";"*";//6D76C, *
;sub_6DB84;"6DB84";"*";//6DB84, *
;sub_6DB98;"6DB98";"*";//6DB98, *
;sub_6DBB8;"6DBB8";"*";//6DBB8, *
;sub_6DBD8;"6DBD8";"*";//6DBD8, *
;sub_6DBF8;"6DBF8";"*";//6DBF8, *
;sub_6DCCC;"6DCCC";"*";//6DCCC, *
;sub_6DD14;"6DD14";"*";//6DD14, *
;sub_6DDEC;"6DDEC";"*";//6DDEC, *
;sub_6DE98;"6DE98";"*";//6DE98, *
;sub_6DFB4;"6DFB4";"*";//6DFB4, *
;sub_6E6A0;"6E6A0";"*";//6E6A0, *
;sub_6E708;"6E708";"*";//6E708, *
;sub_6E7FC;"6E7FC";"*";//6E7FC, *
;sub_6E80C;"6E80C";"*";//6E80C, *
;sub_6E8C8;"6E8C8";"*";//6E8C8, *
;sub_6EB44;"6EB44";"*";//6EB44, *
;sub_6EB64;"6EB64";"*";//6EB64, *
;sub_6EC74;"6EC74";"*";//6EC74, *
;sub_6EFC0;"6EFC0";"*";//6EFC0, *
;sub_6F0C8;"6F0C8";"*";//6F0C8, *
;sub_6FB3C;"6FB3C";"*";//6FB3C, *
;sub_714F0;"714F0";"*";//714F0, *
;sub_71524;"71524";"*";//71524, *
;sub_71798;"71798";"*";//71798, *
;sub_71868;"71868";"*";//71868, *
;sub_726AC;"726AC";"*";//726AC, *
;sub_73C6C;"73C6C";"*";//73C6C, *
;sub_797FC;"797FC";"*";//797FC, *
;sub_7981C;"7981C";"*";//7981C, *
;sub_79AF4;"79AF4";"*";//79AF4, *
;sub_79B14;"79B14";"*";//79B14, *
;sub_7B044;"7B044";"*";//7B044, *
;sub_7B948;"7B948";"*";//7B948, *
;sub_8BD7C;"8BD7C";"*";//8BD7C, *
;sub_8DD90;"8DD90";"*";//8DD90, *
;SubDiv;"7E774";"807B8";//7E774, 807B8
;subdiv_ripple;"8A444";"8C488";//8A444, 8C488
;SubDiv3;"7E830";"80874";//7E830, 80874
;SubDiv4;"7E8F4";"80938";//7E8F4, 80938
;SubdivSetup3;"75834";"77878";//75834, 77878
;SubdivTri64;"75B64";"77BA8";//75B64, 77BA8
;SubPolyGT3;"75880";"778C4";//75880, 778C4
;SubPolyGT4;"759BC";"77A00";//759BC, 77A00
;SubPolyGTLoop;"75760";"777A4";//75760, 777A4
;swampy_control;"326EC";"32B84";//326EC, 32B84
;swampy_end;"3271C";"32BB4";//3271C, 32BB4
;swampy_init;"32608";"32AA0";//32608, 32AA0
;SwapCrowbar;"39638";"39B38";//39638, 39B38
;SwimTurn;"4BAF4";"4BF58";//4BAF4, 4BF58
;SwimTurnSubsuit;"4BBDC";"4C040";//4BBDC, 4C040
;SwitchCollision;"56470";"56910";//56470, 56910
;SwitchCollision2;"568C0";"56D60";//568C0, 56D60
;SwitchControl;"5623C";"566DC";//5623C, 566DC
;SwitchTrigger;"55DE4";"56284";//55DE4, 56284
;SysDeqIntRP;"70FF8";"6DAD0";//70FF8, 6DAD0
;SysEnqIntRP;"71008";"6DAC0";//71008, 6DAC0
;Targetable;"508EC";"50D50";//508EC, 50D50
;TargetBox;"220F4";"22300";//220F4, 22300
;TargetVisible;"507DC";"50C40";//507DC, 50C40
;TestBoundsCollide;"7C000";"7E044";//7C000, 7E044
;TestBoundsCollideStatic;"2A140";"2A368";//2A140, 2A368
;TestBoundsCollideTeethSpikes;"5BE64";"5C2E0";//5BE64, 5C2E0
;TestCollision;"55C3C";"560DC";//55C3C, 560DC
;TestCollision_D2;"8E6FC";"90740";//8E6FC, 90740
;TestEvent;"714E0";"6FCD0";//714E0, 6FCD0
;TestForObjectOnLedge;"2A940";"2AB68";//2A940, 2AB68
;TestHangSwingIn;"14104";"141B4";//14104, 141B4
;TestLaraPosition;"7BC8C";"7DCD0";//7BC8C, 7DCD0
;TestLaraSlide;"11998";"11A48";//11998, 11A48
;TestLaraVault;"120C0";"12170";//120C0, 12170
;TestMonkeyLeft;"160CC";"16200";//160CC, 16200
;TestMonkeyRight;"161EC";"16320";//161EC, 16320
;TestTriggers;"1E9B4";"1EBC8";//1E9B4, 1EBC8
;TestTriggersAtXYZ;"561A8";"56648";//561A8, 56648
;TestWall;"12550";"12600";//12550, 12600
;TightRopeCollision;"4FC8C";"500F0";//4FC8C, 500F0
;TL_1;"39AD8";"39FD8";//39AD8, 39FD8
;TL_10;"39DA4";"3A2A4";//39DA4, 3A2A4
;TL_11;"39DF0";"3A2F0";//39DF0, 3A2F0
;TL_12;"39E3C";"3A33C";//39E3C, 3A33C
;TL_2;"39B24";"3A024";//39B24, 3A024
;TL_3;"39B74";"3A074";//39B74, 3A074
;TL_4;"39BC4";"3A0C4";//39BC4, 3A0C4
;TL_5;"39C14";"3A114";//39C14, 3A114
;TL_6;"39C64";"3A164";//39C64, 3A164
;TL_7;"39CB4";"3A1B4";//39CB4, 3A1B4
;TL_8;"39D04";"3A204";//39D04, 3A204
;TL_9;"39D54";"3A254";//39D54, 3A254
;TranslateItem;"7D410";"7F454";//7D410, 7F454
;TrapCollision;"2A098";"2A2C0";//2A098, 2A2C0
;TrapDoorCollision;"593F8";"59874";//593F8, 59874
;TrapDoorControl;"58D08";"59184";//58D08, 59184
;trig_actor_gunflash;"3660C";"36B0C";//3660C, 36B0C
;trigger_title_spotcam;"32904";"32D9C";//32904, 32D9C
;trigger_weapon_dynamics;"2D3E4";"2D6CC";//2D3E4, 2D6CC
;TriggerActive;"5ED6C";"5FA4C";//5ED6C, 5FA4C
;TriggerActorBlood;"2EE84";"2F190";//2EE84, 2F190
;TriggerAlertLight;"5D018";"5D494";//5D018, 5D494
;TriggerBlood;"8D1B8";"8F1FC";//8D1B8, 8F1FC
;TriggerCDTrack;"1FAD4";"1FCE8";//1FAD4, 1FCE8
;TriggerDartSmoke;"335B8";"33AB8";//335B8, 33AB8
;TriggerDebris;"3675C";"36C5C";//3675C, 36C5C
;TriggerDelBrownSmoke;"319D0";"31E00";//319D0, 31E00
;TriggerDelSmoke;"2EED8";"2F1E4";//2EED8, 2F1E4
;TriggerDynamic;"8FE24";"91E68";//8FE24, 91E68
;TriggerDynamic_MIRROR;"8FF70";"91FB4";//8FF70, 91FB4
;TriggerExplosionBubble;"8C1E4";"8E228";//8C1E4, 8E228
;TriggerExplosionSmoke;"8C8D0";"8E914";//8C8D0, 8E914
;TriggerExplosionSmokeEnd;"8C724";"8E768";//8C724, 8E768
;TriggerExplosionSparks;"8C35C";"8E3A0";//8C35C, 8E3A0
;TriggerFenceSparks;"36498";"36998";//36498, 36998
;TriggerFireFlame;"8CA58";"8EA9C";//8CA58, 8EA9C
;TriggerFlareSparks;"8D9F4";"8FA38";//8D9F4, 8FA38
;TriggerGlobalFireFlame_ASM;"8ADCC";"8CE10";//8ADCC, 8CE10
;TriggerGlobalFireSmoke_ASM;"8B048";"8D08C";//8B048, 8D08C
;TriggerGlobalStaticFlame_ASM;"8AD18";"8CD5C";//8AD18, 8CD5C
;TriggerGrapplingEffect;"44138";"4459C";//44138, 4459C
;TriggerGunShell;"8D50C";"8F550";//8D50C, 8F550
;TriggerGunSmoke;"8D6D4";"8F718";//8D6D4, 8F718
;TriggerLaraBlood;"2A838";"2AA60";//2A838, 2AA60
;TriggerLaraDrips;"8CE94";"8EED8";//8CE94, 8EED8
;TriggerLightningGlow;"3521C";"3571C";//3521C, 3571C
;TriggerNormalCDTrack;"1FB14";"1FD28";//1FB14, 1FD28
;TriggerRicochetSpark;"8B67C";"8D6C0";//8B67C, 8D6C0
;TriggerShatterSmoke;"8AA14";"8CA58";//8AA14, 8CA58
;TriggerShockwave;"8B29C";"8D2E0";//8B29C, 8D2E0
;TriggerShockwaveHitEffect;"8B3DC";"8D420";//8B3DC, 8D420
;TriggerSmallSplash;"8BD9C";"8DDE0";//8BD9C, 8DDE0
;TriggerSuperJetFlame;"32EAC";"333AC";//32EAC, 333AC
;TriggerTorchFlame;"39E88";"3A388";//39E88, 3A388
;TriggerUnderwaterBlood;"8D3E8";"8F42C";//8D3E8, 8F42C
;TriggerUnderwaterExplosion;"8C0B4";"8E0F8";//8C0B4, 8E0F8
;TriggerWaterfallMist;"331B4";"336B4";//331B4, 336B4
;turn180_effect;"393F4";"398F4";//393F4, 398F4
;TurnSwitchCollision;"57210";"576B0";//57210, 576B0
;TurnSwitchControl;"56E9C";"5733C";//56E9C, 5733C
;TwoBlockPlatformCeiling;"5BB08";"5BF84";//5BB08, 5BF84
;TwoBlockPlatformFloor;"5BA80";"5BEFC";//5BA80, 5BEFC
;ultimate_clipper;"7ECDC";"80D20";//7ECDC, 80D20
;UnderwaterDoorCollision;"2BA38";"2BD60";//2BA38, 2BD60
;UnderwaterSwitchCollision;"56A2C";"56ECC";//56A2C, 56ECC
;undraw_flare;"4A108";"4A56C";//4A108, 4A56C
;undraw_flare_meshes;"4A3BC";"4A820";//4A3BC, 4A820
;undraw_pistol_mesh_left;"448F0";"44D54";//448F0, 44D54
;undraw_pistol_mesh_right;"44968";"44DCC";//44968, 44DCC
;undraw_pistols;"444A4";"44908";//444A4, 44908
;undraw_shotgun;"436B0";"43B14";//436B0, 43B14
;undraw_shotgun_meshes;"42498";"428EC";//42498, 428EC
;unksub_5EC54;"*";"5F934";//*, 5F934
;unksub_5F334;"*";"60014";//*, 60014
;unksub_6515C;"*";"6A548";//*, 6A548
;unksub_65234;"*";"6A620";//*, 6A620
;unksub_65404;"*";"6A7F0";//*, 6A7F0
;unksub_6554C;"*";"6A938";//*, 6A938
;unksub_655EC;"*";"6A9D8";//*, 6A9D8
;unksub_65664;"*";"6AA50";//*, 6AA50
;unksub_67C74;"*";"661A0";//*, 661A0
;unksub_67CB0;"*";"661DC";//*, 661DC
;unksub_67CD8;"*";"66204";//*, 66204
;unksub_67D00;"*";"6622C";//*, 6622C
;unksub_685BC;"*";"6A374";//*, 6A374
;unksub_691B0;"*";"665C8";//*, 665C8
;unksub_691D0;"*";"665E8";//*, 665E8
;unksub_69494;"*";"668AC";//*, 668AC
;unksub_69538;"*";"66950";//*, 66950
;unksub_697D4;"*";"66BEC";//*, 66BEC
;unksub_69FE4;"*";"738D8";//*, 738D8
;unksub_6A00C;"*";"73900";//*, 73900
;unksub_6A3C8;"*";"6DE94";//*, 6DE94
;unksub_6A74C;"*";"6E218";//*, 6E218
;unksub_6AC78;"*";"6E744";//*, 6E744
;unksub_6AEE0;"*";"6E9AC";//*, 6E9AC
;unksub_6B588;"*";"6F054";//*, 6F054
;unksub_6B5DC;"*";"6F0A8";//*, 6F0A8
;unksub_6B688;"*";"6F154";//*, 6F154
;unksub_6C378;"*";"6AB1C";//*, 6AB1C
;unksub_6C3E4;"*";"6AB88";//*, 6AB88
;unksub_6C410;"*";"6ABB4";//*, 6ABB4
;unksub_6C48C;"*";"6AC30";//*, 6AC30
;unksub_6C60C;"*";"6ADB0";//*, 6ADB0
;unksub_6C6B8;"*";"6AE5C";//*, 6AE5C
;unksub_6CC6C;"*";"74C84";//*, 74C84
;unksub_6D6C4;"*";"756DC";//*, 756DC
;unksub_6D76C;"*";"75784";//*, 75784
;unksub_6DB84;"*";"75B9C";//*, 75B9C
;unksub_6DB98;"*";"75BB0";//*, 75BB0
;unksub_6DBB8;"*";"75BD0";//*, 75BD0
;unksub_6DBD8;"*";"75BF0";//*, 75BF0
;unksub_6DBF8;"*";"75C10";//*, 75C10
;unksub_6DCCC;"*";"75CE4";//*, 75CE4
;unksub_6DD14;"*";"75D2C";//*, 75D2C
;unksub_6DDEC;"*";"75E04";//*, 75E04
;unksub_6DE98;"*";"75EB0";//*, 75EB0
;unksub_6DFB4;"*";"75FCC";//*, 75FCC
;unksub_6E6A0;"*";"73E08";//*, 73E08
;unksub_6E708;"*";"73E70";//*, 73E70
;unksub_6E7FC;"*";"73F64";//*, 73F64
;unksub_6E80C;"*";"73F74";//*, 73F74
;unksub_6E8C8;"*";"74030";//*, 74030
;unksub_6EB44;"*";"742AC";//*, 742AC
;unksub_6EB64;"*";"742CC";//*, 742CC
;unksub_6EC74;"*";"743DC";//*, 743DC
;unksub_6EFC0;"*";"74728";//*, 74728
;unksub_6F0C8;"*";"6D490";//*, 6D490
;unksub_6FB3C;"*";"67CB0";//*, 67CB0
;unksub_714F0;"*";"696EC";//*, 696EC
;unksub_71524;"*";"69720";//*, 69720
;unksub_71798;"*";"69994";//*, 69994
;unksub_71868;"*";"69A64";//*, 69A64
;unksub_726AC;"*";"6F3AC";//*, 6F3AC
;unksub_73C6C;"*";"6DB44";//*, 6DB44
;unksub_797FC;"*";"7B840";//*, 7B840
;unksub_7981C;"*";"7B860";//*, 7B860
;unksub_79AF4;"*";"7BB38";//*, 7BB38
;unksub_79B14;"*";"7BB58";//*, 7BB58
;unksub_7B044;"*";"7D088";//*, 7D088
;unksub_7B948;"*";"7D98C";//*, 7D98C
;unksub_8BD7C;"*";"8DDC0";//*, 8DDC0
;unksub_8DD90;"*";"8FDD4";//*, 8FDD4
;unksub_8FD00;"*";"91D44";//*, 91D44
;unksub_8FD04;"*";"91D48";//*, 91D48
;UnpackRGB;"754DC";"77524";//754DC, 77524
;UnpackRGB_D2;"7EC6C";"80CB0";//7EC6C, 80CB0
;update_laras_weapons_status;"3F13C";"3F590";//3F13C, 3F590
;updateAnimFrame;"91030";"93074";//91030, 93074
;UpdateBlood;"87B40";"89B84";//87B40, 89B84
;UpdateBubbles;"88148";"8A18C";//88148, 8A18C
;UpdateCameraElevation;"29890";"29AA4";//29890, 29AA4
;UpdateDebris;"87978";"899BC";//87978, 899BC
;UpdateDrips;"87CC8";"89D0C";//87CC8, 89D0C
;UpdateFadeClip;"34A9C";"34F9C";//34A9C, 34F9C
;UpdateFireSparks;"872AC";"892F0";//872AC, 892F0
;UpdateGunShells;"87E28";"89E6C";//87E28, 89E6C
;UpdateLaraRoom;"7C58C";"7E5D0";//7C58C, 7E5D0
;UpdateLOT;"22034";"22240";//22034, 22240
;UpdatePulseColour;"8E0F8";"9013C";//8E0F8, 9013C
;UpdateRopeSwing;"17508";"1763C";//17508, 1763C
;UpdateShockwaves;"88388";"8A3CC";//88388, 8A3CC
;UpdateSky;"7CE88";"7EECC";//7CE88, 7EECC
;UpdateSkyLightning;"2C0D0";"2C3F8";//2C0D0, 2C3F8
;UpdateSmokeSparks;"87558";"8959C";//87558, 8959C
;UpdateSparks;"88518";"8A55C";//88518, 8A55C
;UpdateSplashes;"8776C";"897B0";//8776C, 897B0
;UpdateSubsuitAngles;"4BD20";"4C184";//4BD20, 4C184
;use_current_item;"3F9A0";"3FDF4";//3F9A0, 3FDF4
;UserFuncComplete;"71DE8";"6F638";//71DE8, 6F638
;UserFuncExecute;"71D7C";"6F5CC";//71D7C, 6F5CC
;UserFuncInit;"71CF0";"6F540";//71CF0, 6F540
;UserFuncOpen;"71D00";"6F550";//71D00, 6F550
;ValidBox;"222A4";"224B0";//222A4, 224B0
;VibratePad;"604EC";"61064";//604EC, 61064
;void_effect;"393CC";"398CC";//393CC, 398CC
;VSync;"68444";"6A1FC";//68444, 6A1FC
;VSyncCallback;"650D0";"6A4BC";//650D0, 6A4BC
;VSyncCallbacks;"65104";"6A4F0";//65104, 6A4F0
;VSyncFunc;"10000";"10000";//10000, 10000
;WadeSplash;"8BBB4";"8DBF8";//8BBB4, 8DBF8
;WaitEvent;"73FD8";"71E6C";//73FD8, 71E6C
;WaterFall;"39294";"39794";//39294, 39794